{
  "id": "e83d49fe614b44fe86810edf05fc3211",
  "semantic_identifier": "1195666 - Normalize stage entry dates on CRM/CSV import",
  "title": null,
  "source": "gmail",
  "doc_updated_at": "2025-05-27",
  "metadata": {},
  "doc_metadata": null,
  "sections": [
    {
      "text": "Hi Isabella,\n\nI got ticket 1195666 assigned to me. It\u2019s to fix CRM/CSV import so stage entry dates are parsed/normalized consistently (timezone/format) and we store a canonical stage_entered_at per stage transition instead of sometimes falling back to created_at.\n\nRough effort: ~2\u20133 days including tests and a quick backfill plan for recent imports.\n\nThanks,\nJason",
      "link": "https://www.onyx.app/demo_files/gmail/e83d49fe614b44fe86810edf05fc3211/0"
    },
    {
      "text": "Thanks, Jason.\n\nDo you see any risk of changing historical stage aging for already-imported opportunities, and do we need a backfill or can we limit this to new imports?",
      "link": "https://www.onyx.app/demo_files/gmail/e83d49fe614b44fe86810edf05fc3211/1"
    },
    {
      "text": "Main risk is historical stage aging shifts for records where we previously defaulted stage_entered_at to created_at or parsed the timezone incorrectly.\n\nI\u2019d recommend limiting the code change to new imports, and doing a targeted backfill for the last ~30\u201360 days of imported opportunities (or whatever window PM wants) so dashboards stabilize without rewriting all history.\n\nJason",
      "link": "https://www.onyx.app/demo_files/gmail/e83d49fe614b44fe86810edf05fc3211/2"
    }
  ],
  "primary_owners": [
    {
      "display_name": null,
      "first_name": "Jason",
      "middle_initial": null,
      "last_name": "Morris",
      "email": "jason_morris@netherite-extraction.onyx.app"
    },
    {
      "display_name": null,
      "first_name": "Isabella",
      "middle_initial": null,
      "last_name": "Torres",
      "email": "isabella_torres@netherite-extraction.onyx.app"
    }
  ],
  "secondary_owners": []
}