{
  "id": "2bfab9392bad44f7a98404de211623c0",
  "semantic_identifier": "2550486: Wire inline positioning template edits to segment-scoped API",
  "title": null,
  "source": "gmail",
  "doc_updated_at": "2025-05-11",
  "metadata": {},
  "doc_metadata": null,
  "sections": [
    {
      "text": "Got ticket 2550486 assigned to me. I\u2019ll wire the inline positioning template editor to the segment-scoped CRUD API so edits can save/update per segment, with save/cancel + dirty-state reset, validation error display, and success/failure feedback. I expect ~2\u20133 days including testing and handling the \u201cno custom template\u201d default behavior.",
      "link": "https://www.onyx.app/demo_files/gmail/2bfab9392bad44f7a98404de211623c0/0"
    },
    {
      "text": "Sounds good. Any notable dependency or risk that could push it out (API gaps, edge cases, etc.)?",
      "link": "https://www.onyx.app/demo_files/gmail/2bfab9392bad44f7a98404de211623c0/1"
    },
    {
      "text": "Main risk is aligning with server-side validation/error payloads and making sure the UI refreshes from the save response without clobbering defaults when no custom template exists. I\u2019ll sync quickly with the GOLD-4 API owner if the error schema or \u201cdefault vs custom\u201d behavior isn\u2019t explicit, but otherwise no major dependencies.",
      "link": "https://www.onyx.app/demo_files/gmail/2bfab9392bad44f7a98404de211623c0/2"
    }
  ],
  "primary_owners": [
    {
      "display_name": null,
      "first_name": "Andre",
      "middle_initial": null,
      "last_name": "Robinson",
      "email": "andre_robinson@netherite-extraction.onyx.app"
    },
    {
      "display_name": null,
      "first_name": "Javier",
      "middle_initial": null,
      "last_name": "Morales",
      "email": "javier_morales@netherite-extraction.onyx.app"
    }
  ],
  "secondary_owners": []
}