{
  "id": "854021d58ba04632a7d9e9357c5c0ff8",
  "semantic_identifier": "3162051 \u2014 Slack digest generation for Warning alerts v2",
  "title": null,
  "source": "gmail",
  "doc_updated_at": "2025-07-22",
  "metadata": {},
  "doc_metadata": null,
  "sections": [
    {
      "text": "Hi Isabella,\n\nI got ticket 3162051 assigned to me (Warning alerts v2: Slack summary digests for managers). I\u2019ll implement the digest generation + Slack formatting: group alerts by account/opportunity, de-dupe repeat triggers within the window, include alert type/risk signal/last updated, and add deep links back to Sales Accelerator/CRM. Routing is out of scope (handled by GOLD-92).\n\nRough estimate: ~3\u20135 days including testing and a couple formatting iterations.\n\nThanks,\nKevin",
      "link": "https://www.onyx.app/demo_files/gmail/854021d58ba04632a7d9e9357c5c0ff8/0"
    },
    {
      "text": "Thanks Kevin.\n\nAny dependencies or risks you see that could push this past the week?",
      "link": "https://www.onyx.app/demo_files/gmail/854021d58ba04632a7d9e9357c5c0ff8/1"
    },
    {
      "text": "Main risks are (1) confirming the deep link formats/IDs we should use for Sales Accelerator vs CRM, and (2) making sure we have the right fields for \u201clast updated\u201d and the risk signal in the digest query.\n\nOtherwise it\u2019s pretty self-contained since routing is in GOLD-92.\n\nKevin",
      "link": "https://www.onyx.app/demo_files/gmail/854021d58ba04632a7d9e9357c5c0ff8/2"
    }
  ],
  "primary_owners": [
    {
      "display_name": null,
      "first_name": "Kevin",
      "middle_initial": null,
      "last_name": "Sullivan",
      "email": "kevin_sullivan@netherite-extraction.onyx.app"
    },
    {
      "display_name": null,
      "first_name": "Isabella",
      "middle_initial": null,
      "last_name": "Torres",
      "email": "isabella_torres@netherite-extraction.onyx.app"
    }
  ],
  "secondary_owners": []
}