{
  "id": "ca33125d6f064bb2b5f36c2e844c8410",
  "semantic_identifier": "5627415: Backend support for saved scoring profiles",
  "title": null,
  "source": "gmail",
  "doc_updated_at": "2025-06-22",
  "metadata": {},
  "doc_metadata": null,
  "sections": [
    {
      "text": "Hi Javier,\n\nI got ticket 5627415 assigned to me. It\u2019s backend support for saved scoring profiles: persistence + CRUD APIs (list/create/update/delete) at org scope (and possibly user default), plus applying a selected profile during aggregated score computation. I\u2019ll also add a default profile that matches current behavior for backward compatibility.\n\nRough effort: ~3\u20135 days depending on scope around user-defaults and any migration/versioning needs.\n\n-Tyler",
      "link": "https://www.onyx.app/demo_files/gmail/ca33125d6f064bb2b5f36c2e844c8410/0"
    },
    {
      "text": "Thanks Tyler.\n\nAny expected risks or dependencies (DB migration, API consumers) that could push it past a week?",
      "link": "https://www.onyx.app/demo_files/gmail/ca33125d6f064bb2b5f36c2e844c8410/1"
    },
    {
      "text": "Main risks are (1) agreeing on the exact profile schema/versioning so we don\u2019t break existing consumers, and (2) coordinating with the scoring call sites to ensure \u201cno profile selected\u201d uses the default profile.\n\nDB-wise it\u2019s a straightforward new table/collection plus indexes; no migration of existing data needed if we keep the current path as the default. If PM wants user-defaults in v1, that adds a bit of extra wiring/authorization but still should stay under a week.\n\n-Tyler",
      "link": "https://www.onyx.app/demo_files/gmail/ca33125d6f064bb2b5f36c2e844c8410/2"
    }
  ],
  "primary_owners": [
    {
      "display_name": null,
      "first_name": "Tyler",
      "middle_initial": null,
      "last_name": "Jenkins",
      "email": "tyler_jenkins@netherite-extraction.onyx.app"
    },
    {
      "display_name": null,
      "first_name": "Javier",
      "middle_initial": null,
      "last_name": "Morales",
      "email": "javier_morales@netherite-extraction.onyx.app"
    }
  ],
  "secondary_owners": []
}