{
  "id": "50e46372eded4939825ee044b449587f",
  "semantic_identifier": "5689111 - Instrument recommendation lifecycle events in Sales Accelerator",
  "title": null,
  "source": "gmail",
  "doc_updated_at": "2025-11-18",
  "metadata": {},
  "doc_metadata": null,
  "sections": [
    {
      "text": "Hi Javier,\n\nI got ticket 5689111 assigned to me. It\u2019s to add client/server instrumentation for recommendation lifecycle events (shown/accepted/executed) in Sales Accelerator, using the GOLD-106 canonical schema, including a stable recommendation_instance_id + required context, plus basic batching/retry and logging for dropped/invalid events.\n\nRough effort: ~3\u20135 days depending on wiring points for accept/execute paths and any schema gaps.\n\nThanks,\nBrooke",
      "link": "https://www.onyx.app/demo_files/gmail/50e46372eded4939825ee044b449587f/0"
    },
    {
      "text": "Thanks Brooke\u2014sounds good. Can you confirm where recommendation_instance_id will be generated so it\u2019s stable across client/server events?",
      "link": "https://www.onyx.app/demo_files/gmail/50e46372eded4939825ee044b449587f/1"
    },
    {
      "text": "Yep\u2014plan is to generate recommendation_instance_id when the recommendation is first rendered (shown) on the client, persist it in the recommendation model/state, and pass it through on accept/apply and subsequent execute calls so the server emits the same id on execution events.\n\nBrooke",
      "link": "https://www.onyx.app/demo_files/gmail/50e46372eded4939825ee044b449587f/2"
    }
  ],
  "primary_owners": [
    {
      "display_name": null,
      "first_name": "Brooke",
      "middle_initial": null,
      "last_name": "Spencer",
      "email": "brooke_spencer@netherite-extraction.onyx.app"
    },
    {
      "display_name": null,
      "first_name": "Javier",
      "middle_initial": null,
      "last_name": "Morales",
      "email": "javier_morales@netherite-extraction.onyx.app"
    }
  ],
  "secondary_owners": []
}