{
  "id": "cc0d802a7fad439bb52fa189c9b243bc",
  "semantic_identifier": "6612845 \u2014 issue_history v2 decision notes timeline events",
  "title": null,
  "source": "gmail",
  "doc_updated_at": "2025-08-14",
  "metadata": {},
  "doc_metadata": null,
  "sections": [
    {
      "text": "Hi Isabella,\n\nI got ticket 6612845 assigned to me. It\u2019s to add support in issue_history v2 for templated internal triage decision notes as structured timeline events (template_id + fields like decision/why/next_steps/owner/team/timestamp), persist them immutably, and expose via the issue history API with basic validation/sanitization and linkage to lifecycle transitions.\n\nRough effort: ~3\u20135 days including schema/API changes, validation, and tests.\n\nJason",
      "link": "https://www.onyx.app/demo_files/gmail/cc0d802a7fad439bb52fa189c9b243bc/0"
    },
    {
      "text": "Thanks Jason. Any key dependencies or risks that could push this past the week?",
      "link": "https://www.onyx.app/demo_files/gmail/cc0d802a7fad439bb52fa189c9b243bc/1"
    },
    {
      "text": "Main dependencies are aligning the template/field schema with PM (so we don\u2019t bake in the wrong shape) and confirming where to hang the linkage to lifecycle transitions without touching ownership/SLA logic. Biggest risk is search/display expectations expanding beyond \u201cbasic\u201d sanitization/search; I\u2019ll keep it scoped to API + persistence + validation and flag anything else early.\n\nJason",
      "link": "https://www.onyx.app/demo_files/gmail/cc0d802a7fad439bb52fa189c9b243bc/2"
    }
  ],
  "primary_owners": [
    {
      "display_name": null,
      "first_name": "Jason",
      "middle_initial": null,
      "last_name": "Morris",
      "email": "jason_morris@netherite-extraction.onyx.app"
    },
    {
      "display_name": null,
      "first_name": "Isabella",
      "middle_initial": null,
      "last_name": "Torres",
      "email": "isabella_torres@netherite-extraction.onyx.app"
    }
  ],
  "secondary_owners": []
}