{
  "id": "6f8146fa62ea4d1bb3b25aab28e872f8",
  "semantic_identifier": "6651341 \u2014 Alert spec for fit drift, segment changes, and emerging cohorts",
  "title": null,
  "source": "gmail",
  "doc_updated_at": "2025-10-30",
  "metadata": {},
  "doc_metadata": null,
  "sections": [
    {
      "text": "Got ticket 6651341 assigned to me. I\u2019ll draft the alert contract/spec for the three alert categories (fit drift, segment membership changes, emerging high-fit cohorts): trigger logic, thresholds, evaluation cadence, required inputs, edge cases (missing data/low volume/backfills), and the alert payload fields for downstream/UI. Rough estimate: ~2\u20133 days to get to a reviewable draft, assuming quick alignment with PM/DS on the threshold definitions.",
      "link": "https://www.onyx.app/demo_files/gmail/6f8146fa62ea4d1bb3b25aab28e872f8/0"
    },
    {
      "text": "Thanks Andre. For the first pass, do you want to propose default thresholds/cadence, or wait for PM/DS to define them?",
      "link": "https://www.onyx.app/demo_files/gmail/6f8146fa62ea4d1bb3b25aab28e872f8/1"
    },
    {
      "text": "I\u2019ll propose sensible defaults (with rationale and a couple options) so PM/DS can confirm or adjust quickly, and I\u2019ll clearly mark anything that needs their final sign-off.",
      "link": "https://www.onyx.app/demo_files/gmail/6f8146fa62ea4d1bb3b25aab28e872f8/2"
    }
  ],
  "primary_owners": [
    {
      "display_name": null,
      "first_name": "Andre",
      "middle_initial": null,
      "last_name": "Robinson",
      "email": "andre_robinson@netherite-extraction.onyx.app"
    },
    {
      "display_name": null,
      "first_name": "Javier",
      "middle_initial": null,
      "last_name": "Morales",
      "email": "javier_morales@netherite-extraction.onyx.app"
    }
  ],
  "secondary_owners": []
}