{
  "id": "d3f4567866d741e7aec52127624263db",
  "semantic_identifier": "8326390 \u2014 Issue History backend event emission",
  "title": null,
  "source": "gmail",
  "doc_updated_at": "2025-04-18",
  "metadata": {},
  "doc_metadata": null,
  "sections": [
    {
      "text": "Hi Isabella,\n\nI got ticket 8326390 assigned to me. It\u2019s adding service-layer helpers for issue_history event types (status timeline, priority changes, merge/split, notes, external work item links) and wiring them into existing Issue mutation flows so events emit consistently with actor/timestamp and enough payload for later timeline rendering.\n\nRough effort: ~2\u20133 days to implement + wire up, plus ~1 day for tests/backfill of edge cases.\n\n\u2014Ryan",
      "link": "https://www.onyx.app/demo_files/gmail/d3f4567866d741e7aec52127624263db/0"
    },
    {
      "text": "Thanks Ryan. Do you see any higher-risk areas in the existing mutation flows where wiring this in might be tricky or require coordination with other teams?",
      "link": "https://www.onyx.app/demo_files/gmail/d3f4567866d741e7aec52127624263db/1"
    },
    {
      "text": "Main risk is consistency across the different mutation entry points (some updates go through shared services, others are more direct), so we\u2019ll need to audit all paths to avoid missing events or double-emitting. Also, merge/split/link payloads may require confirming exact fields with PM, but it should stay within our service layer\u2014no cross-team dependencies expected.\n\n\u2014Ryan",
      "link": "https://www.onyx.app/demo_files/gmail/d3f4567866d741e7aec52127624263db/2"
    }
  ],
  "primary_owners": [
    {
      "display_name": null,
      "first_name": "Ryan",
      "middle_initial": null,
      "last_name": "Murphy",
      "email": "ryan_murphy@netherite-extraction.onyx.app"
    },
    {
      "display_name": null,
      "first_name": "Isabella",
      "middle_initial": null,
      "last_name": "Torres",
      "email": "isabella_torres@netherite-extraction.onyx.app"
    }
  ],
  "secondary_owners": []
}