{
  "id": "55586581815b40018165cec196486fab",
  "semantic_identifier": "9051455: Update stage aging to use canonical stage_entered_at",
  "title": null,
  "source": "gmail",
  "doc_updated_at": "2025-04-09",
  "metadata": {},
  "doc_metadata": null,
  "sections": [
    {
      "text": "Hi Javier,\n\nI got ticket 9051455 assigned to me. I\u2019ll update the stage aging calculation in sales_forecast to use the imported canonical stage_entered_at (selecting the latest transition timestamp for the current stage), add a deterministic fallback only when it\u2019s missing, and add lightweight regression coverage for rollups and historical conversion benchmarks.\n\nRough effort: ~1\u20132 days including tests.\n\nThanks,\nJiwon",
      "link": "https://www.onyx.app/demo_files/gmail/55586581815b40018165cec196486fab/0"
    },
    {
      "text": "Thanks Jiwon.\n\nAny risks or dependencies we should flag (e.g., data quality on stage_entered_at) before you start?",
      "link": "https://www.onyx.app/demo_files/gmail/55586581815b40018165cec196486fab/1"
    },
    {
      "text": "Main risk is missing/partial stage_entered_at for older or edge-case opportunities. I\u2019ll implement an explicit fallback path (current behavior) and add a small metric/logging check to quantify how often fallback is used, so we can validate data quality without blocking the fix.\n\nNo major dependencies beyond confirming the canonical field source in the importer.\n\nThanks,\nJiwon",
      "link": "https://www.onyx.app/demo_files/gmail/55586581815b40018165cec196486fab/2"
    }
  ],
  "primary_owners": [
    {
      "display_name": null,
      "first_name": "Jiwon",
      "middle_initial": null,
      "last_name": "Kang",
      "email": "jiwon_kang@netherite-extraction.onyx.app"
    },
    {
      "display_name": null,
      "first_name": "Javier",
      "middle_initial": null,
      "last_name": "Morales",
      "email": "javier_morales@netherite-extraction.onyx.app"
    }
  ],
  "secondary_owners": []
}