{
  "id": "0aaf3e3150364397845d9de53f4cd594",
  "semantic_identifier": "9961219 \u2013 Drivers pipeline for slippage/loss alerts",
  "title": null,
  "source": "gmail",
  "doc_updated_at": "2025-10-29",
  "metadata": {},
  "doc_metadata": null,
  "sections": [
    {
      "text": "Hi Isabella,\n\nI got ticket 9961219 and it\u2019s assigned to me. I\u2019ll implement the \u201cdrivers\u201d pipeline for v3 slippage/loss alerts: take the risk scoring output and produce a ranked list of contributing factors (with impact + evidence), normalized across Salesforce/HubSpot, in a stable schema. I\u2019ll also add unit tests for deterministic ranking and null/missing-field handling.\n\nRough effort: ~3\u20135 days depending on CRM normalization edge cases.\n\nThanks,\nKevin",
      "link": "https://www.onyx.app/demo_files/gmail/0aaf3e3150364397845d9de53f4cd594/0"
    },
    {
      "text": "Thanks, Kevin. What\u2019s the main risk that could push this past a week, and do you see any dependencies we should surface to PM?",
      "link": "https://www.onyx.app/demo_files/gmail/0aaf3e3150364397845d9de53f4cd594/1"
    },
    {
      "text": "Main risk is inconsistent/missing CRM fields (esp. stage history/close-date changes) causing driver evidence to be incomplete; we may need to define fallbacks or \u201cunknown/insufficient data\u201d behavior to keep the schema stable. Dependency-wise: I\u2019ll need confirmed field mappings + example payloads for both Salesforce and HubSpot from PM/data, and agreement on the canonical driver taxonomy/IDs so downstream UI/recs don\u2019t churn.\n\nKevin",
      "link": "https://www.onyx.app/demo_files/gmail/0aaf3e3150364397845d9de53f4cd594/2"
    }
  ],
  "primary_owners": [
    {
      "display_name": null,
      "first_name": "Kevin",
      "middle_initial": null,
      "last_name": "Sullivan",
      "email": "kevin_sullivan@netherite-extraction.onyx.app"
    },
    {
      "display_name": null,
      "first_name": "Isabella",
      "middle_initial": null,
      "last_name": "Torres",
      "email": "isabella_torres@netherite-extraction.onyx.app"
    }
  ],
  "secondary_owners": []
}