{
  "id": "bb2d762466de439ea4a30cf065b73850",
  "semantic_identifier": "[GOLD-85] Follow-up guidance generator updates for Customer Analyzer context",
  "title": null,
  "source": "gmail",
  "doc_updated_at": "2025-07-13",
  "metadata": {},
  "doc_metadata": null,
  "sections": [
    {
      "text": "Hi Isabella,\n\nI got ticket 4028026 ([GOLD-85]) assigned to me. I\u2019ll update the follow-up guidance generator to incorporate the Customer Analyzer context from retrieval (fit score, segment, approved positioning blocks), add deterministic rules for which positioning blocks we reference (e.g., top N / stable ordering), and ensure we fall back to the existing flow when the data is missing/stale/unmapped. I\u2019ll also add unit/fixture coverage for the new fields + fallback behavior.\n\nRough estimate: ~2\u20133 days including tests.\n\nThanks,\nJason",
      "link": "https://www.onyx.app/demo_files/gmail/bb2d762466de439ea4a30cf065b73850/0"
    },
    {
      "text": "Thanks Jason\u2014sounds good. Any dependencies or coordination needed with the retrieval team to ensure the Customer Analyzer fields are consistently populated/stable?",
      "link": "https://www.onyx.app/demo_files/gmail/bb2d762466de439ea4a30cf065b73850/1"
    },
    {
      "text": "I don\u2019t think we need a hard dependency, but I\u2019ll sync with the retrieval owner to confirm the field contract (names/shape, staleness signal, and ordering guarantees). On our side I\u2019ll treat everything as optional and keep the generator deterministic even if ordering isn\u2019t guaranteed (explicit sorting + top N).\n\nJason",
      "link": "https://www.onyx.app/demo_files/gmail/bb2d762466de439ea4a30cf065b73850/2"
    }
  ],
  "primary_owners": [
    {
      "display_name": null,
      "first_name": "Jason",
      "middle_initial": null,
      "last_name": "Morris",
      "email": "jason_morris@netherite-extraction.onyx.app"
    },
    {
      "display_name": null,
      "first_name": "Isabella",
      "middle_initial": null,
      "last_name": "Torres",
      "email": "isabella_torres@netherite-extraction.onyx.app"
    }
  ],
  "secondary_owners": []
}