{
  "id": "b6a821d3fc9943ed8e47cb59306beae5",
  "semantic_identifier": "Sales Accelerator v2: Issue Tracker status sync for deal-risk remediation (9383147)",
  "title": null,
  "source": "gmail",
  "doc_updated_at": "2026-01-22",
  "metadata": {},
  "doc_metadata": null,
  "sections": [
    {
      "text": "Hi Isabella,\n\nI\u2019ve been assigned ticket 9383147. I\u2019ll implement the outbound sync from Issue Tracker to Sales Accelerator v2 so status changes (triaged/in progress/resolved) publish updated remediation signals for impacted deals, including issue ID/status/last-updated plus deep links (Issue Tracker + Linear/Jira). I\u2019ll also add idempotency, retry/backoff, and basic logging/metrics for success/fail.\n\nRough effort: ~3\u20135 days depending on integration testing and any API edge cases.\n\n\u2013 Ryan",
      "link": "https://www.onyx.app/demo_files/gmail/b6a821d3fc9943ed8e47cb59306beae5/0"
    },
    {
      "text": "Thanks Ryan. What\u2019s the main risk/unknown here, and do you expect any cross-team dependencies that could affect the timeline?",
      "link": "https://www.onyx.app/demo_files/gmail/b6a821d3fc9943ed8e47cb59306beae5/1"
    },
    {
      "text": "Main unknown is webhook/event coverage and consistency (e.g., ensuring we reliably capture all status transitions and have stable IDs/links). I\u2019ll mitigate with idempotent updates and retries, plus a small reconciliation check if needed.\n\nCross-team dependency: confirming the Sales Accelerator v2 endpoint contract for remediation updates and any required auth/quotas. If that\u2019s already stable, timeline should hold; if not, it could add 1\u20132 days.\n\n\u2013 Ryan",
      "link": "https://www.onyx.app/demo_files/gmail/b6a821d3fc9943ed8e47cb59306beae5/2"
    }
  ],
  "primary_owners": [
    {
      "display_name": null,
      "first_name": "Ryan",
      "middle_initial": null,
      "last_name": "Murphy",
      "email": "ryan_murphy@netherite-extraction.onyx.app"
    },
    {
      "display_name": null,
      "first_name": "Isabella",
      "middle_initial": null,
      "last_name": "Torres",
      "email": "isabella_torres@netherite-extraction.onyx.app"
    }
  ],
  "secondary_owners": []
}