{
  "id": "d929ac3e1df444ca8aa2a4481f32711b",
  "semantic_identifier": "Ticket 3053857: Dedup + canonical ID mapping for scheduled CRM sync",
  "title": null,
  "source": "gmail",
  "doc_updated_at": "2025-05-28",
  "metadata": {},
  "doc_metadata": null,
  "sections": [
    {
      "text": "Hi Isabella,\n\nI got ticket 3053857 and it\u2019s assigned to me. I\u2019m going to add dedupe on top of the scheduled Salesforce/HubSpot read-only refresh, plus a canonical ID mapping keyed by (CRM record ID, workspace) so we keep a single stable internal entity across runs. This also includes basic merge/conflict rules for the in-scope fields and safe handling for deletes/ID changes, plus per-run logging/metrics on dedupe outcomes.\n\nRough effort: ~4\u20136 engineering days plus a day for validation/backfill testing.\n\n-Kevin",
      "link": "https://www.onyx.app/demo_files/gmail/d929ac3e1df444ca8aa2a4481f32711b/0"
    },
    {
      "text": "Thanks Kevin\u2014sounds good. Any notable risks or dependencies that could push this out (e.g., existing GOLD-80 behavior or downstream Sales Accelerator assumptions)?",
      "link": "https://www.onyx.app/demo_files/gmail/d929ac3e1df444ca8aa2a4481f32711b/1"
    },
    {
      "text": "Main risks are around edge cases: CRM ID changes/merges and deletes, and making sure our merge rules don\u2019t inadvertently overwrite newer internal values. Dependency-wise, I\u2019ll need to confirm the current GOLD-80 refresh ordering/keys and verify with Sales Accelerator what fields they treat as source-of-truth for forecasting/NBA so dedupe doesn\u2019t change semantics. I don\u2019t see external infra dependencies beyond adding metrics/logging.\n\n-Kevin",
      "link": "https://www.onyx.app/demo_files/gmail/d929ac3e1df444ca8aa2a4481f32711b/2"
    }
  ],
  "primary_owners": [
    {
      "display_name": null,
      "first_name": "Kevin",
      "middle_initial": null,
      "last_name": "Sullivan",
      "email": "kevin_sullivan@netherite-extraction.onyx.app"
    },
    {
      "display_name": null,
      "first_name": "Isabella",
      "middle_initial": null,
      "last_name": "Torres",
      "email": "isabella_torres@netherite-extraction.onyx.app"
    }
  ],
  "secondary_owners": []
}