{
  "id": "a5de07e6aaf64228a4dcf750ec8de0bd",
  "semantic_identifier": "Ticket 9120004: Fix recap generation when meeting metadata is missing",
  "title": null,
  "source": "gmail",
  "doc_updated_at": "2025-05-13",
  "metadata": {},
  "doc_metadata": null,
  "sections": [
    {
      "text": "Hi Javier,\n\nI\u2019ve been assigned ticket 9120004. It covers adding defensive handling/fallbacks in sales_followup_recommendations when the CRM meeting record is missing/empty (attendees, notes/transcript link, outcome), plus structured logging and a clear \u201crecap unavailable\u201d UI state.\n\nRough effort: ~1\u20132 days including tests and a quick UI update.\n\nThanks,\nJiwon",
      "link": "https://www.onyx.app/demo_files/gmail/a5de07e6aaf64228a4dcf750ec8de0bd/0"
    },
    {
      "text": "Thanks, Jiwon. Any notable risk or dependency (e.g., CRM data contract changes), and do you expect any impact on the recommendations pipeline beyond the recap rendering?",
      "link": "https://www.onyx.app/demo_files/gmail/a5de07e6aaf64228a4dcf750ec8de0bd/1"
    },
    {
      "text": "Main dependency is the CRM meeting payload shape; I\u2019ll treat missing/empty fields as expected and avoid hard failures, only marking \u201crecap unavailable\u201d when required inputs are truly absent. Impact should be limited to recap/next-step template rendering and UI messaging; recommendations generation should continue, with structured logs to quantify how often we hit the fallback paths.\n\n-Jiwon",
      "link": "https://www.onyx.app/demo_files/gmail/a5de07e6aaf64228a4dcf750ec8de0bd/2"
    }
  ],
  "primary_owners": [
    {
      "display_name": null,
      "first_name": "Jiwon",
      "middle_initial": null,
      "last_name": "Kang",
      "email": "jiwon_kang@netherite-extraction.onyx.app"
    },
    {
      "display_name": null,
      "first_name": "Javier",
      "middle_initial": null,
      "last_name": "Morales",
      "email": "javier_morales@netherite-extraction.onyx.app"
    }
  ],
  "secondary_owners": []
}