{
  "id": "9ddf5c7faed343adb879d1b687c8e288",
  "semantic_identifier": "Ticket 8401283: Drift detection + alerts for issue_clustering v2",
  "title": null,
  "source": "gmail",
  "doc_updated_at": "2025-10-28",
  "metadata": {},
  "doc_metadata": null,
  "sections": [
    {
      "text": "Hi Isabella,\n\nGot ticket 8401283 assigned to me (issue_clustering v2 drift detection). I\u2019ll implement drift signals for cluster assignment/embedding distribution shifts, persist events (timestamp/affected clusters/metrics), raise a high-priority alert for triage, and add a lightweight audit trail tying drift events to source conversations and downstream eng work. Rough effort: ~4\u20136 days including tests and wiring up alerting.\n\n-Kevin",
      "link": "https://www.onyx.app/demo_files/gmail/9ddf5c7faed343adb879d1b687c8e288/0"
    },
    {
      "text": "Thanks Kevin. Any dependencies or risks that could push this out (e.g., alerting pipeline or storage schema changes)?",
      "link": "https://www.onyx.app/demo_files/gmail/9ddf5c7faed343adb879d1b687c8e288/1"
    },
    {
      "text": "Main dependency is the existing alerting pipeline (routing/severity) and agreeing on the drift thresholds/metrics with PM. Storage-wise, I\u2019ll add a small drift_events table/collection; risk is mostly around choosing stable metrics to avoid noisy alerts, which I\u2019ll mitigate with a brief calibration pass on recent data.\n\n-Kevin",
      "link": "https://www.onyx.app/demo_files/gmail/9ddf5c7faed343adb879d1b687c8e288/2"
    }
  ],
  "primary_owners": [
    {
      "display_name": null,
      "first_name": "Kevin",
      "middle_initial": null,
      "last_name": "Sullivan",
      "email": "kevin_sullivan@netherite-extraction.onyx.app"
    },
    {
      "display_name": null,
      "first_name": "Isabella",
      "middle_initial": null,
      "last_name": "Torres",
      "email": "isabella_torres@netherite-extraction.onyx.app"
    }
  ],
  "secondary_owners": []
}