{
  "id": "7957d5fdd3624de9b2ab2ac42594f217",
  "semantic_identifier": "Ticket 6287980 \u2014 Drift monitoring for Sales Accelerator models",
  "title": null,
  "source": "gmail",
  "doc_updated_at": "2025-10-17",
  "metadata": {},
  "doc_metadata": null,
  "sections": [
    {
      "text": "Hi Javier,\n\nI got ticket 6287980 assigned to me (Detect and surface model drift signals from market-condition changes). I\u2019ll implement drift monitoring for the Sales Accelerator models using feature distribution + prediction/label stability checks, add configurable alerting with basic \u201clikely driver\u201d context, and expose drift status via an internal endpoint/logs.\n\nRough effort: ~1\u20132 weeks depending on how quickly we can finalize thresholds/segments and wire up alert routing.\n\nThanks,\nBrooke",
      "link": "https://www.onyx.app/demo_files/gmail/7957d5fdd3624de9b2ab2ac42594f217/0"
    },
    {
      "text": "Thanks Brooke. Do we have a preferred alert destination (PagerDuty vs Slack), and who should be on the initial on-call/notification list?",
      "link": "https://www.onyx.app/demo_files/gmail/7957d5fdd3624de9b2ab2ac42594f217/1"
    },
    {
      "text": "Good question \u2014 I\u2019d default to Slack for the initial rollout (no paging) to avoid alert fatigue while we tune thresholds. I can post to the #ml-monitoring channel and include Sales Accelerator eng + DS leads; once stable, we can promote critical drift signals to PagerDuty with the owning service on-call.\n\nBrooke",
      "link": "https://www.onyx.app/demo_files/gmail/7957d5fdd3624de9b2ab2ac42594f217/2"
    }
  ],
  "primary_owners": [
    {
      "display_name": null,
      "first_name": "Brooke",
      "middle_initial": null,
      "last_name": "Spencer",
      "email": "brooke_spencer@netherite-extraction.onyx.app"
    },
    {
      "display_name": null,
      "first_name": "Javier",
      "middle_initial": null,
      "last_name": "Morales",
      "email": "javier_morales@netherite-extraction.onyx.app"
    }
  ],
  "secondary_owners": []
}