{
  "id": "003021a3cb514a99a40a6ce8be2cd768",
  "semantic_identifier": "Ticket 6922240: Fit Driver preview + field mapping in setup",
  "title": null,
  "source": "gmail",
  "doc_updated_at": "2025-05-22",
  "metadata": {},
  "doc_metadata": null,
  "sections": [
    {
      "text": "Hi Isabella,\n\nI got ticket 6922240 assigned to me. It\u2019s to add a setup-step that previews the top candidate source fields/events behind each selected Fit Driver (with sample values + fill-rate/coverage) and lets users map/swap the underlying source before continuing, then persist those mappings per workspace for future ingests.\n\nRough effort: ~3\u20135 days depending on how much UI/BE wiring we need for preview metrics and where we store the workspace-level bindings.\n\n-Ryan",
      "link": "https://www.onyx.app/demo_files/gmail/003021a3cb514a99a40a6ce8be2cd768/0"
    },
    {
      "text": "Thanks Ryan. For persisting mappings per workspace, do you anticipate needing a schema migration or can we store it in existing config without risk to current ingests?",
      "link": "https://www.onyx.app/demo_files/gmail/003021a3cb514a99a40a6ce8be2cd768/1"
    },
    {
      "text": "We can store it in existing workspace config (same place we keep other setup bindings) as a versioned mapping block keyed by Fit Driver, so no schema migration. We\u2019ll default to current auto-selection when no mapping exists, so existing ingests stay unchanged.\n\n-Ryan",
      "link": "https://www.onyx.app/demo_files/gmail/003021a3cb514a99a40a6ce8be2cd768/2"
    }
  ],
  "primary_owners": [
    {
      "display_name": null,
      "first_name": "Ryan",
      "middle_initial": null,
      "last_name": "Murphy",
      "email": "ryan_murphy@netherite-extraction.onyx.app"
    },
    {
      "display_name": null,
      "first_name": "Isabella",
      "middle_initial": null,
      "last_name": "Torres",
      "email": "isabella_torres@netherite-extraction.onyx.app"
    }
  ],
  "secondary_owners": []
}