{
  "id": "d05222742024455f847efca44491061d",
  "semantic_identifier": "Ticket 5683140: Compliance checklist in deployment readiness workflow",
  "title": null,
  "source": "gmail",
  "doc_updated_at": "2025-12-25",
  "metadata": {},
  "doc_metadata": null,
  "sections": [
    {
      "text": "Hi Isabella,\n\nI got assigned ticket 5683140 (Add compliance requirements checklist to deployment readiness workflow). I\u2019m going to implement a lightweight, configurable checklist (security review, DPA, retention constraints) that can be attached to an issue/theme, marked as required for readiness, and surfaced in the issue object + the Jira/Linear link so blockers are visible early.\n\nRough estimate: ~3\u20135 days depending on how much wiring we need for Jira/Linear fields.\n\n-Kevin",
      "link": "https://www.onyx.app/demo_files/gmail/d05222742024455f847efca44491061d/0"
    },
    {
      "text": "Thanks, Kevin. Sounds reasonable\u2014any major dependencies or risks that could push this past a week?",
      "link": "https://www.onyx.app/demo_files/gmail/d05222742024455f847efca44491061d/1"
    },
    {
      "text": "Main risk is the downstream Jira/Linear integration: if we need new fields/permissions or their API doesn\u2019t support the status display the way we want, it could add a couple days. Otherwise it\u2019s pretty self-contained in our issue schema + readiness workflow.\n\n-Kevin",
      "link": "https://www.onyx.app/demo_files/gmail/d05222742024455f847efca44491061d/2"
    }
  ],
  "primary_owners": [
    {
      "display_name": null,
      "first_name": "Kevin",
      "middle_initial": null,
      "last_name": "Sullivan",
      "email": "kevin_sullivan@netherite-extraction.onyx.app"
    },
    {
      "display_name": null,
      "first_name": "Isabella",
      "middle_initial": null,
      "last_name": "Torres",
      "email": "isabella_torres@netherite-extraction.onyx.app"
    }
  ],
  "secondary_owners": []
}