{
  "id": "808837faf2e64c0cbf6b89349c6a446e",
  "semantic_identifier": "Ticket 8628566: Canonicalization layer for ticket\u2192account matching",
  "title": null,
  "source": "gmail",
  "doc_updated_at": "2025-04-14",
  "metadata": {},
  "doc_metadata": null,
  "sections": [
    {
      "text": "Hi Javier,\n\nI got ticket 8628566 assigned to me (Normalize and canonicalize identity fields for ticket\u2192account matching). I\u2019ll add an ingestion-time canonicalization step for inbound identity signals (email/domain, company name, CRM account ID), store both raw + canonical values for auditability, and feed the canonical values into the existing matching logic (no threshold changes).\n\nRough effort: ~2\u20133 days engineering plus a bit of validation on recent ticket samples.\n\nThanks,\nBrooke",
      "link": "https://www.onyx.app/demo_files/gmail/808837faf2e64c0cbf6b89349c6a446e/0"
    },
    {
      "text": "Thanks Brooke. Any expected impact to the ingestion pipeline (latency/backfill), and do we need a migration for existing stored identity fields?",
      "link": "https://www.onyx.app/demo_files/gmail/808837faf2e64c0cbf6b89349c6a446e/1"
    },
    {
      "text": "Should be minimal latency impact (string normalization + small alias-domain lookup). No backfill needed to ship\u2014new tickets will store raw+canonical at ingestion. If we want canonical values for historical tickets, that would be a separate batch job/migration we can scope later.\n\nBrooke",
      "link": "https://www.onyx.app/demo_files/gmail/808837faf2e64c0cbf6b89349c6a446e/2"
    }
  ],
  "primary_owners": [
    {
      "display_name": null,
      "first_name": "Brooke",
      "middle_initial": null,
      "last_name": "Spencer",
      "email": "brooke_spencer@netherite-extraction.onyx.app"
    },
    {
      "display_name": null,
      "first_name": "Javier",
      "middle_initial": null,
      "last_name": "Morales",
      "email": "javier_morales@netherite-extraction.onyx.app"
    }
  ],
  "secondary_owners": []
}