{
  "id": "f323edda19324f989c925164625cc3cf",
  "semantic_identifier": "Ticket 3121129: Calibration job to use configured outcome labels",
  "title": null,
  "source": "gmail",
  "doc_updated_at": "2025-08-02",
  "metadata": {},
  "doc_metadata": null,
  "sections": [
    {
      "text": "Hi Isabella,\n\nGot ticket 3121129 and it\u2019s assigned to me. I\u2019ll update the calibration pipeline to generate labels/features strictly from the configured outcome selection + label rules (activation/retention/expansion), remove any fallback-to-default behavior, and fail the job with a clear surfaced error if labels can\u2019t be produced. I\u2019ll also add a minimal integration test to ensure each outcome path produces distinct labels from the same inputs.\n\nEstimate: ~2\u20133 days including test + validation.\n\nKevin",
      "link": "https://www.onyx.app/demo_files/gmail/f323edda19324f989c925164625cc3cf/0"
    },
    {
      "text": "Thanks, Kevin. Do you see any risk of breaking existing runs that relied on the implicit default outcome, and do we need a quick migration/rollout plan?",
      "link": "https://www.onyx.app/demo_files/gmail/f323edda19324f989c925164625cc3cf/1"
    },
    {
      "text": "Yes\u2014any run with a config that\u2019s incomplete/invalid but previously \u201cworked\u201d due to fallback will now fail. I\u2019ll add explicit validation/error messaging, and I can gate the change behind a short-lived flag or do a staged rollout (dev/staging first, then prod) while we audit current configs for completeness.\n\nKevin",
      "link": "https://www.onyx.app/demo_files/gmail/f323edda19324f989c925164625cc3cf/2"
    }
  ],
  "primary_owners": [
    {
      "display_name": null,
      "first_name": "Kevin",
      "middle_initial": null,
      "last_name": "Sullivan",
      "email": "kevin_sullivan@netherite-extraction.onyx.app"
    },
    {
      "display_name": null,
      "first_name": "Isabella",
      "middle_initial": null,
      "last_name": "Torres",
      "email": "isabella_torres@netherite-extraction.onyx.app"
    }
  ],
  "secondary_owners": []
}