{
  "id": "a532b45423814321898b58fcc7588a22",
  "semantic_identifier": "Ticket 4295210 \u2014 Audit scoring contributions in forecasting/recommendations",
  "title": null,
  "source": "gmail",
  "doc_updated_at": "2025-06-02",
  "metadata": {},
  "doc_metadata": null,
  "sections": [
    {
      "text": "Hi Javier,\n\nI got ticket 4295210 assigned to me. It covers adding instrumentation to log score contributions for fit tier vs each deal-dynamics signal (procurement stage, competition, internal alignment) in forecasting and best-next-action, plus a lightweight analysis script and report over recent opps to find over-weighting cases.\n\nRough effort: ~2\u20133 days engineering + ~1 day to run analysis/report, assuming we can reuse existing logging hooks.\n\n-Brooke",
      "link": "https://www.onyx.app/demo_files/gmail/a532b45423814321898b58fcc7588a22/0"
    },
    {
      "text": "Thanks Brooke. For the report, how far back should you pull data, and do you want to include closed-lost as well as closed-won for the outcome correlation?",
      "link": "https://www.onyx.app/demo_files/gmail/a532b45423814321898b58fcc7588a22/1"
    },
    {
      "text": "I\u2019ll pull the last 60\u201390 days (whichever gets us a solid sample) and include both closed-won and closed-lost, plus open with latest stage as a secondary slice. I\u2019ll sanity check volume after the first query and adjust if needed.\n\n-Brooke",
      "link": "https://www.onyx.app/demo_files/gmail/a532b45423814321898b58fcc7588a22/2"
    }
  ],
  "primary_owners": [
    {
      "display_name": null,
      "first_name": "Brooke",
      "middle_initial": null,
      "last_name": "Spencer",
      "email": "brooke_spencer@netherite-extraction.onyx.app"
    },
    {
      "display_name": null,
      "first_name": "Javier",
      "middle_initial": null,
      "last_name": "Morales",
      "email": "javier_morales@netherite-extraction.onyx.app"
    }
  ],
  "secondary_owners": []
}