{
  "id": "27d102113dd44b2e86f4c462593a86fd",
  "semantic_identifier": "Ticket 7334762: Backfill messaging experiment outcome metrics",
  "title": null,
  "source": "gmail",
  "doc_updated_at": "2025-11-06",
  "metadata": {},
  "doc_metadata": null,
  "sections": [
    {
      "text": "Got ticket 7334762 assigned to me. This covers recomputing historical win rate/pipeline velocity/conversion for existing messaging experiments using the new canonical stage/event normalization, plus an idempotent backfill job to re-aggregate and overwrite/version stored outcome snapshots. Rough estimate: ~2\u20133 days engineering time plus time to validate against a small set of known experiments.",
      "link": "https://www.onyx.app/demo_files/gmail/27d102113dd44b2e86f4c462593a86fd/0"
    },
    {
      "text": "Thanks Jiwon. Any risk of impacting newly created experiments or dashboards while the backfill runs, and do you have a rollout plan?",
      "link": "https://www.onyx.app/demo_files/gmail/27d102113dd44b2e86f4c462593a86fd/1"
    },
    {
      "text": "Main risk is load/consistency during the backfill; I\u2019ll run it in batches off-peak, make it idempotent, and write to versioned snapshots with a feature-flagged read path so new experiments continue using the current pipeline. I\u2019ll validate on a handful of known experiments first before enabling broadly.",
      "link": "https://www.onyx.app/demo_files/gmail/27d102113dd44b2e86f4c462593a86fd/2"
    }
  ],
  "primary_owners": [
    {
      "display_name": null,
      "first_name": "Jiwon",
      "middle_initial": null,
      "last_name": "Kang",
      "email": "jiwon_kang@netherite-extraction.onyx.app"
    },
    {
      "display_name": null,
      "first_name": "Javier",
      "middle_initial": null,
      "last_name": "Morales",
      "email": "javier_morales@netherite-extraction.onyx.app"
    }
  ],
  "secondary_owners": []
}