{
  "id": "658543bf5bd94f26b5b4d1bdec0afeac",
  "semantic_identifier": "Ticket 3389183 - Auto-populate compliance checklist requirements",
  "title": null,
  "source": "gmail",
  "doc_updated_at": "2025-11-04",
  "metadata": {},
  "doc_metadata": null,
  "sections": [
    {
      "text": "Got ticket 3389183 assigned to me. I\u2019ll extend the deployment readiness compliance checklist logic to derive the \u201crequired for deployment\u201d items from linked customer/account context (CRM + Customer Analyzer: segment/ICP, region, regulated flags) and show any missing requirements when issues/themes are tied to customers. UI/workflow stays the same\u2014this is computed defaults + gap highlighting. Rough estimate: ~4\u20136 engineering days including wiring data sources, rules, and tests.",
      "link": "https://www.onyx.app/demo_files/gmail/658543bf5bd94f26b5b4d1bdec0afeac/0"
    },
    {
      "text": "Thanks Jason. Do you see any dependency risk on CRM/Customer Analyzer data availability or schema changes that could impact the timeline?",
      "link": "https://www.onyx.app/demo_files/gmail/658543bf5bd94f26b5b4d1bdec0afeac/1"
    },
    {
      "text": "Main risk is data completeness/latency and field stability. I\u2019ll mitigate by (1) using the existing Customer Analyzer service as the primary source with a clear contract, (2) adding defensive defaults when attributes are missing, and (3) flagging any new/unstable CRM fields early; if we need a new field or endpoint, that could add ~2\u20133 days waiting on the owning team. I\u2019ll confirm the exact fields/owners today and post an update.",
      "link": "https://www.onyx.app/demo_files/gmail/658543bf5bd94f26b5b4d1bdec0afeac/2"
    }
  ],
  "primary_owners": [
    {
      "display_name": null,
      "first_name": "Jason",
      "middle_initial": null,
      "last_name": "Morris",
      "email": "jason_morris@netherite-extraction.onyx.app"
    },
    {
      "display_name": null,
      "first_name": "Isabella",
      "middle_initial": null,
      "last_name": "Torres",
      "email": "isabella_torres@netherite-extraction.onyx.app"
    }
  ],
  "secondary_owners": []
}