{
  "id": "ff02116ad2824e889dbb985954b8d5f5",
  "semantic_identifier": "Ticket 8225874: One-click auto-fixes in Setup Data Quality",
  "title": null,
  "source": "gmail",
  "doc_updated_at": "2025-04-17",
  "metadata": {},
  "doc_metadata": null,
  "sections": [
    {
      "text": "Got ticket 8225874 assigned to me. I\u2019ll add \u201cFix\u201d actions in the Setup Data Quality panel for common Fit Driver input issues (trim whitespace, normalize casing, empty-string\u2192null, and mapping enum synonyms like \u201cmid market\u201d vs \u201cMid-Market\u201d), with a small before/after preview and ability to revert before finalizing. Fixes will persist by updating the workspace normalization rules so downstream fit scoring uses cleaned values. Rough estimate: ~2\u20133 days including UI + rules persistence + tests.",
      "link": "https://www.onyx.app/demo_files/gmail/ff02116ad2824e889dbb985954b8d5f5/0"
    },
    {
      "text": "Sounds good. Any dependencies or risks that could push this out?",
      "link": "https://www.onyx.app/demo_files/gmail/ff02116ad2824e889dbb985954b8d5f5/1"
    },
    {
      "text": "Main dependency is the normalization rules API supporting upserts for these transforms; if it\u2019s missing or limited, we may need a small backend addition. Risk is enum synonym mapping\u2014needs a curated list and guardrails to avoid unintended remaps; I\u2019ll start with the most common synonyms and keep it workspace-scoped with preview/revert.",
      "link": "https://www.onyx.app/demo_files/gmail/ff02116ad2824e889dbb985954b8d5f5/2"
    }
  ],
  "primary_owners": [
    {
      "display_name": null,
      "first_name": "Andre",
      "middle_initial": null,
      "last_name": "Robinson",
      "email": "andre_robinson@netherite-extraction.onyx.app"
    },
    {
      "display_name": null,
      "first_name": "Javier",
      "middle_initial": null,
      "last_name": "Morales",
      "email": "javier_morales@netherite-extraction.onyx.app"
    }
  ],
  "secondary_owners": []
}