{
  "id": "ce736dbf71b94addb730d246661a02eb",
  "semantic_identifier": "Ticket 5108413: Segment definition source audit (CRM vs Customer Analyzer)",
  "title": null,
  "source": "gmail",
  "doc_updated_at": "2025-09-05",
  "metadata": {},
  "doc_metadata": null,
  "sections": [
    {
      "text": "Hi Isabella,\n\nI got assigned ticket 5108413. I\u2019m going to audit how segment membership is computed in CRM vs Customer Analyzer, document the underlying fields/filters/data sources + refresh cadence/ownership, and produce a mapping that calls out drift/mismatches and which Issue Tracker reporting surfaces are impacted. I\u2019ll also recommend a source of truth per segment and note any gaps that should become follow-up fix tickets.\n\nRoughly 2\u20133 days of effort depending on how many segments are in scope and how scattered the definitions are.\n\n- Kevin",
      "link": "https://www.onyx.app/demo_files/gmail/ce736dbf71b94addb730d246661a02eb/0"
    },
    {
      "text": "Thanks Kevin. Do we have a clear list of which segments are in scope, or should you start with the ones referenced by Issue Tracker reporting surfaces?",
      "link": "https://www.onyx.app/demo_files/gmail/ce736dbf71b94addb730d246661a02eb/1"
    },
    {
      "text": "I don\u2019t have a definitive segment list yet, so I\u2019ll start with the segments referenced by Issue Tracker reporting surfaces and then confirm the full set with the PM once I\u2019ve identified any additional dependencies.\n\n- Kevin",
      "link": "https://www.onyx.app/demo_files/gmail/ce736dbf71b94addb730d246661a02eb/2"
    }
  ],
  "primary_owners": [
    {
      "display_name": null,
      "first_name": "Kevin",
      "middle_initial": null,
      "last_name": "Sullivan",
      "email": "kevin_sullivan@netherite-extraction.onyx.app"
    },
    {
      "display_name": null,
      "first_name": "Isabella",
      "middle_initial": null,
      "last_name": "Torres",
      "email": "isabella_torres@netherite-extraction.onyx.app"
    }
  ],
  "secondary_owners": []
}