{
  "id": "6a79cd1944cf4a8dac738c97b7452062",
  "semantic_identifier": "Ticket 9518177 \u2014 Priority scoring: quality-weighted sales signals + caps/decay",
  "title": null,
  "source": "gmail",
  "doc_updated_at": "2025-06-23",
  "metadata": {},
  "doc_metadata": null,
  "sections": [
    {
      "text": "Hi Javier,\n\nI got ticket 9518177 assigned to me. It\u2019s to update the priority scoring so sales/opportunity linkage is weighted by opportunity quality (stage/ARR/ICP fit), add a cap so it can\u2019t dominate the overall score (and can\u2019t exceed support/customer evidence when that evidence is sparse), and apply time decay for stale opportunities.\n\nRough estimate: ~3\u20135 engineering days including validation and a small backfill/re-score.\n\nThanks,\nAndre",
      "link": "https://www.onyx.app/demo_files/gmail/6a79cd1944cf4a8dac738c97b7452062/0"
    },
    {
      "text": "Thanks Andre\u2014sounds good. Any major dependencies or data fields we need from Sales/RevOps to compute stage/ARR/ICP fit reliably?",
      "link": "https://www.onyx.app/demo_files/gmail/6a79cd1944cf4a8dac738c97b7452062/1"
    },
    {
      "text": "We already ingest stage and ARR for linked opps, so those are straightforward. ICP fit is the only potential dependency\u2014if we don\u2019t have a consistent field today, I\u2019ll implement the scoring to use an existing proxy (account segment/tier) and leave a hook to swap in an explicit ICP score once RevOps confirms availability.",
      "link": "https://www.onyx.app/demo_files/gmail/6a79cd1944cf4a8dac738c97b7452062/2"
    }
  ],
  "primary_owners": [
    {
      "display_name": null,
      "first_name": "Andre",
      "middle_initial": null,
      "last_name": "Robinson",
      "email": "andre_robinson@netherite-extraction.onyx.app"
    },
    {
      "display_name": null,
      "first_name": "Javier",
      "middle_initial": null,
      "last_name": "Morales",
      "email": "javier_morales@netherite-extraction.onyx.app"
    }
  ],
  "secondary_owners": []
}