{
  "id": "33934082c24d4e6192d0d157e7b3cb13",
  "semantic_identifier": "Ticket 7602079: Attribution query API by positioning_version_id",
  "title": null,
  "source": "gmail",
  "doc_updated_at": "2025-12-12",
  "metadata": {},
  "doc_metadata": null,
  "sections": [
    {
      "text": "Hi Isabella,\n\nI got ticket 7602079 assigned to me (Add attribution query API to correlate outcomes to positioning_version_id). I\u2019ll implement the backend endpoint to return outcome metrics grouped by positioning_version_id with optional filters (segment/ICP, channel/artifact type, time window), plus support comparing two versions over the same period. I\u2019m estimating ~3\u20135 days including indexing/pagination and tests.\n\nThanks,\nRyan",
      "link": "https://www.onyx.app/demo_files/gmail/33934082c24d4e6192d0d157e7b3cb13/0"
    },
    {
      "text": "Thanks Ryan.\n\nAny expected risks or dependencies (e.g., on the GOLD-52 join key data or new indexes) that could affect the timeline?",
      "link": "https://www.onyx.app/demo_files/gmail/33934082c24d4e6192d0d157e7b3cb13/1"
    },
    {
      "text": "Main dependency is that the GOLD-52 join key is consistently persisted/populated for the relevant outcome events; if there are gaps, we may need a backfill or to exclude older data. Index creation should be straightforward, but could require a brief migration window depending on table size. Otherwise low risk.\n\n-Ryan",
      "link": "https://www.onyx.app/demo_files/gmail/33934082c24d4e6192d0d157e7b3cb13/2"
    }
  ],
  "primary_owners": [
    {
      "display_name": null,
      "first_name": "Ryan",
      "middle_initial": null,
      "last_name": "Murphy",
      "email": "ryan_murphy@netherite-extraction.onyx.app"
    },
    {
      "display_name": null,
      "first_name": "Isabella",
      "middle_initial": null,
      "last_name": "Torres",
      "email": "isabella_torres@netherite-extraction.onyx.app"
    }
  ],
  "secondary_owners": []
}