{
  "id": "9fc5c5544b5347948549efae42bf1fe2",
  "semantic_identifier": "Ticket 5715579 \u2014 Commit & Best-Case forecast scenarios",
  "title": null,
  "source": "gmail",
  "doc_updated_at": "2025-08-17",
  "metadata": {},
  "doc_metadata": null,
  "sections": [
    {
      "text": "Hi Isabella,\n\nI got ticket 5715579 assigned to me. It covers adding separate Commit and Best-Case scenario buckets to the forecasting model and UI\u2014schema/storage updates, aggregation logic, and updating the forecast API/UI to return/display both alongside baseline. Rough estimate is ~3\u20135 days depending on the schema migration and backfill needs.\n\n-Kevin",
      "link": "https://www.onyx.app/demo_files/gmail/9fc5c5544b5347948549efae42bf1fe2/0"
    },
    {
      "text": "Thanks Kevin. Quick question: will this require any backfill or data migration for existing forecasts, and does it introduce any rollout risk?",
      "link": "https://www.onyx.app/demo_files/gmail/9fc5c5544b5347948549efae42bf1fe2/1"
    },
    {
      "text": "Yes\u2014likely a small migration to add scenario fields/columns and a backfill for recent opportunities based on CRM stage/forecast category (with a default mapping where missing). I can ship behind a feature flag and roll out API changes in a backward-compatible way so existing baseline consumers aren\u2019t impacted.\n\n-Kevin",
      "link": "https://www.onyx.app/demo_files/gmail/9fc5c5544b5347948549efae42bf1fe2/2"
    }
  ],
  "primary_owners": [
    {
      "display_name": null,
      "first_name": "Kevin",
      "middle_initial": null,
      "last_name": "Sullivan",
      "email": "kevin_sullivan@netherite-extraction.onyx.app"
    },
    {
      "display_name": null,
      "first_name": "Isabella",
      "middle_initial": null,
      "last_name": "Torres",
      "email": "isabella_torres@netherite-extraction.onyx.app"
    }
  ],
  "secondary_owners": []
}