{
  "id": "10c282bdcda54641bedee8ab1b1f53ca",
  "semantic_identifier": "Ticket 3046214: Segment-based impact slicing for issues/themes",
  "title": null,
  "source": "gmail",
  "doc_updated_at": "2025-07-03",
  "metadata": {},
  "doc_metadata": null,
  "sections": [
    {
      "text": "Hi Isabella,\n\nI got ticket 3046214 assigned to me. I\u2019m planning to add a backend aggregation that breaks down impacted customers per issue/theme by Customer Analyzer segment_id (including fit_tier when present), and expose it via the Issue Tracker API/DB fields for consistent downstream querying. We\u2019ll bucket missing/unknown segment_id or fit_tier into an explicit \u201cunknown\u201d group so overall impact calculations still work.\n\nRough effort: ~2\u20133 days including schema/API changes and backfill + tests.\n\nThanks,\nRyan",
      "link": "https://www.onyx.app/demo_files/gmail/10c282bdcda54641bedee8ab1b1f53ca/0"
    },
    {
      "text": "Thanks Ryan\u2014sounds good. Can you confirm whether this will require any backfill/migration work and if there\u2019s any risk to existing API consumers?",
      "link": "https://www.onyx.app/demo_files/gmail/10c282bdcda54641bedee8ab1b1f53ca/1"
    },
    {
      "text": "Yes\u2014this will require a small DB migration to add the new breakdown fields and a one-time backfill job to populate recent issues/themes. I\u2019ll keep the existing fields untouched and add this as additive fields in the API to avoid breaking existing consumers.\n\nRyan",
      "link": "https://www.onyx.app/demo_files/gmail/10c282bdcda54641bedee8ab1b1f53ca/2"
    },
    {
      "text": "Perfect\u2014go ahead and proceed.",
      "link": "https://www.onyx.app/demo_files/gmail/10c282bdcda54641bedee8ab1b1f53ca/3"
    }
  ],
  "primary_owners": [
    {
      "display_name": null,
      "first_name": "Ryan",
      "middle_initial": null,
      "last_name": "Murphy",
      "email": "ryan_murphy@netherite-extraction.onyx.app"
    },
    {
      "display_name": null,
      "first_name": "Isabella",
      "middle_initial": null,
      "last_name": "Torres",
      "email": "isabella_torres@netherite-extraction.onyx.app"
    }
  ],
  "secondary_owners": []
}