{
  "id": "3275e2178341485a8a967958bc0bea07",
  "semantic_identifier": "Ticket 2976876: Confidence intervals for Fit Score explainability",
  "title": null,
  "source": "gmail",
  "doc_updated_at": "2025-11-21",
  "metadata": {},
  "doc_metadata": null,
  "sections": [
    {
      "text": "Hi Javier,\n\nI got ticket 2976876 assigned to me (Add confidence intervals to Fit Score explainability output). I\u2019ll implement CI calculation for segment/account Fit Scores, update the scoring service to return bounds, and surface them in the API/SDK response in a backwards-compatible way. I\u2019ll also add unit tests for low-signal vs high-signal segments.\n\nRoughly 2\u20133 days of work including tests and review.\n\nThanks,\nJiwon",
      "link": "https://www.onyx.app/demo_files/gmail/3275e2178341485a8a967958bc0bea07/0"
    },
    {
      "text": "Thanks Jiwon\u2014sounds good. Any API/SDK compatibility risks we should flag to PM before you start?",
      "link": "https://www.onyx.app/demo_files/gmail/3275e2178341485a8a967958bc0bea07/1"
    },
    {
      "text": "Main risk is clients relying on strict schema validation. I\u2019ll add the interval fields as optional (e.g., nested under explainability) and keep existing fields unchanged; we\u2019ll also version-gate in the SDK if needed. I\u2019ll flag this to PM and include example payloads in the PR.\n\n-Jiwon",
      "link": "https://www.onyx.app/demo_files/gmail/3275e2178341485a8a967958bc0bea07/2"
    }
  ],
  "primary_owners": [
    {
      "display_name": null,
      "first_name": "Jiwon",
      "middle_initial": null,
      "last_name": "Kang",
      "email": "jiwon_kang@netherite-extraction.onyx.app"
    },
    {
      "display_name": null,
      "first_name": "Javier",
      "middle_initial": null,
      "last_name": "Morales",
      "email": "javier_morales@netherite-extraction.onyx.app"
    }
  ],
  "secondary_owners": []
}