{
  "id": "f59548c775344de1b099ae2f8a87f882",
  "semantic_identifier": "Ticket 7420162: Immutable access logs for issues and evidence",
  "title": null,
  "source": "gmail",
  "doc_updated_at": "2026-01-16",
  "metadata": {},
  "doc_metadata": null,
  "sections": [
    {
      "text": "Hi Isabella,\n\nI\u2019ve been assigned ticket 7420162 (\u201cAdd immutable access logs for issue objects and linked evidence\u201d). I\u2019ll implement workspace-scoped read/write access logging for issues, evidence snippets, and decision/status fields, stored in an append-only table with retention tied to workspace retention settings, plus an admin API/UI endpoint to search/filter by actor/issue/time/action.\n\nRough effort: ~4\u20136 engineering days, assuming we can reuse the retention approach from GOLD-189 without major schema surprises.\n\nThanks,\nKevin",
      "link": "https://www.onyx.app/demo_files/gmail/f59548c775344de1b099ae2f8a87f882/0"
    },
    {
      "text": "Thanks Kevin. What are the main risks or dependencies that could push this past a week?",
      "link": "https://www.onyx.app/demo_files/gmail/f59548c775344de1b099ae2f8a87f882/1"
    },
    {
      "text": "Main dependencies are aligning with the GOLD-189 retention mechanism (to reference settings vs duplicating logic) and validating we can capture source IP/user agent consistently across web + API reads. Biggest risk is scope creep on \u201creads\u201d (ensuring we cover all access paths without significant perf impact), so I\u2019ll start by enumerating endpoints/queries and put logging behind a lightweight middleware.\n\nKevin",
      "link": "https://www.onyx.app/demo_files/gmail/f59548c775344de1b099ae2f8a87f882/2"
    }
  ],
  "primary_owners": [
    {
      "display_name": null,
      "first_name": "Kevin",
      "middle_initial": null,
      "last_name": "Sullivan",
      "email": "kevin_sullivan@netherite-extraction.onyx.app"
    },
    {
      "display_name": null,
      "first_name": "Isabella",
      "middle_initial": null,
      "last_name": "Torres",
      "email": "isabella_torres@netherite-extraction.onyx.app"
    }
  ],
  "secondary_owners": []
}