{
  "id": "c2e840f74a3f4df5b9eb6ec4d18fab92",
  "semantic_identifier": "Ticket 4843194 \u2013 Customer Analyzer context in initiation guidance",
  "title": null,
  "source": "gmail",
  "doc_updated_at": "2025-09-03",
  "metadata": {},
  "doc_metadata": null,
  "sections": [
    {
      "text": "Hi Isabella,\n\nI\u2019ve been assigned ticket 4843194. I\u2019ll update the initiation guidance generator to consume Customer Analyzer context (fit score, segment, approved positioning blocks), deterministically select the top N approved blocks, and fall back to the current flow when data is missing/stale. I\u2019m estimating ~2\u20133 days including a small set of unit/fixture tests.\n\nRyan",
      "link": "https://www.onyx.app/demo_files/gmail/c2e840f74a3f4df5b9eb6ec4d18fab92/0"
    },
    {
      "text": "Thanks Ryan. Any notable dependencies or risks that could push this past the estimate?",
      "link": "https://www.onyx.app/demo_files/gmail/c2e840f74a3f4df5b9eb6ec4d18fab92/1"
    },
    {
      "text": "Main dependency is the stability/shape of the newly exposed Customer Analyzer fields in the context payload. Risk is mostly around missing/stale data handling\u2014I'll keep the fallback path as default and gate the new references behind presence/recency checks. If the payload changes, it may add ~0.5\u20131 day.\n\nRyan",
      "link": "https://www.onyx.app/demo_files/gmail/c2e840f74a3f4df5b9eb6ec4d18fab92/2"
    }
  ],
  "primary_owners": [
    {
      "display_name": null,
      "first_name": "Ryan",
      "middle_initial": null,
      "last_name": "Murphy",
      "email": "ryan_murphy@netherite-extraction.onyx.app"
    },
    {
      "display_name": null,
      "first_name": "Isabella",
      "middle_initial": null,
      "last_name": "Torres",
      "email": "isabella_torres@netherite-extraction.onyx.app"
    }
  ],
  "secondary_owners": []
}