{
  "id": "160f230b34d24b0f9f1adab0ffdd5302",
  "semantic_identifier": "Ticket 1256190: Positioning workspace segment comparison state + loading fixes",
  "title": null,
  "source": "gmail",
  "doc_updated_at": "2025-07-07",
  "metadata": {},
  "doc_metadata": null,
  "sections": [
    {
      "text": "Hi Javier,\n\nI got ticket 1256190 assigned to me (Positioning workspace: Fix segment comparison selection & data loading). I\u2019ll consolidate the selection state into a single source of truth, make the fetch lifecycle deterministic (cancel/ignore in-flight requests to prevent races), and add basic logging around selection changes + fetch completion.\n\nRoughly 1\u20132 days for implementation + some verification.\n\n-Tyler",
      "link": "https://www.onyx.app/demo_files/gmail/160f230b34d24b0f9f1adab0ffdd5302/0"
    },
    {
      "text": "Thanks Tyler. Any risk this touches shared segment selection state outside the Positioning workspace (e.g., global filters) or is it contained?",
      "link": "https://www.onyx.app/demo_files/gmail/160f230b34d24b0f9f1adab0ffdd5302/1"
    },
    {
      "text": "It should be contained to Positioning\u2019s segment comparison UI/state. I\u2019ll keep any changes scoped to the workspace module and only read from shared/global selection where needed (no writes), and I\u2019ll flag it if I find any coupling during implementation.\n\n-Tyler",
      "link": "https://www.onyx.app/demo_files/gmail/160f230b34d24b0f9f1adab0ffdd5302/2"
    }
  ],
  "primary_owners": [
    {
      "display_name": null,
      "first_name": "Tyler",
      "middle_initial": null,
      "last_name": "Jenkins",
      "email": "tyler_jenkins@netherite-extraction.onyx.app"
    },
    {
      "display_name": null,
      "first_name": "Javier",
      "middle_initial": null,
      "last_name": "Morales",
      "email": "javier_morales@netherite-extraction.onyx.app"
    }
  ],
  "secondary_owners": []
}