{
  "id": "32e636fc2a534caabbf906e3558719a5",
  "semantic_identifier": "Ticket 6956613: Canonical Issue Tracker status model + mapping table",
  "title": null,
  "source": "gmail",
  "doc_updated_at": "2025-10-26",
  "metadata": {},
  "doc_metadata": null,
  "sections": [
    {
      "text": "Hi Isabella,\n\nI\u2019ve been assigned ticket 6956613. I\u2019ll define a canonical issue status set (with allowed transitions) and implement a cross-system mapping table for Zendesk/Intercom, Jira/Linear, and CRM\u2014including unknown/deprecated statuses\u2014and expose it as configurable (seeded defaults + editable) so sync can rely on it.\n\nRough effort: ~3\u20135 days including validation with PM/stakeholders and a basic admin/edit path.\n\nThanks,\nJason",
      "link": "https://www.onyx.app/demo_files/gmail/32e636fc2a534caabbf906e3558719a5/0"
    },
    {
      "text": "Thanks, Jason. Quick question: do you anticipate any dependencies or cross-team input needed that could impact the timeline?",
      "link": "https://www.onyx.app/demo_files/gmail/32e636fc2a534caabbf906e3558719a5/1"
    },
    {
      "text": "Likely light dependencies: I\u2019ll need confirmation of current status enums/flows from Support (Zendesk/Intercom) and Sales Ops (CRM), plus Engineering for Jira/Linear conventions. If those are responsive, I don\u2019t expect a slip; otherwise the \u201cseeded defaults\u201d portion might take an extra couple of days while we reconcile edge cases.\n\nJason",
      "link": "https://www.onyx.app/demo_files/gmail/32e636fc2a534caabbf906e3558719a5/2"
    },
    {
      "text": "Got it\u2014thanks. Please proceed and loop me in if any of those reviews start to stall.",
      "link": "https://www.onyx.app/demo_files/gmail/32e636fc2a534caabbf906e3558719a5/3"
    }
  ],
  "primary_owners": [
    {
      "display_name": null,
      "first_name": "Jason",
      "middle_initial": null,
      "last_name": "Morris",
      "email": "jason_morris@netherite-extraction.onyx.app"
    },
    {
      "display_name": null,
      "first_name": "Isabella",
      "middle_initial": null,
      "last_name": "Torres",
      "email": "isabella_torres@netherite-extraction.onyx.app"
    }
  ],
  "secondary_owners": []
}