{
  "id": "9a632052ccf94240b95a9b71444c27be",
  "semantic_identifier": "Ticket 9182005 - connector account matching fix",
  "title": null,
  "source": "gmail",
  "doc_updated_at": "2025-05-07",
  "metadata": {},
  "doc_metadata": null,
  "sections": [
    {
      "text": "Hi Javier,\n\nI got ticket 9182005 and it\u2019s assigned to me. It covers tightening the CSV/Zendesk/Intercom account-matching so we don\u2019t auto-merge customers on ambiguous email/domain heuristics; instead require higher-confidence signals and fall back to \u201cunmatched,\u201d plus add logging/metrics and a review-queue entry for ambiguous cases.\n\nRough effort: ~2\u20133 days engineering plus a bit of validation time with PM/QA.\n\n\u2014Andre",
      "link": "https://www.onyx.app/demo_files/gmail/9a632052ccf94240b95a9b71444c27be/0"
    },
    {
      "text": "Thanks, Andre. Sounds good\u2014do you see any risk of this increasing the unmatched rate enough to impact reporting or workflows?",
      "link": "https://www.onyx.app/demo_files/gmail/9a632052ccf94240b95a9b71444c27be/1"
    },
    {
      "text": "It will increase \u201cunmatched\u201d in ambiguous/shared-domain scenarios, but that\u2019s the intent to avoid misattribution. I\u2019ll add metrics (match vs unmatched by connector + reason codes) and we can monitor for a week; if there\u2019s an unexpected spike in previously high-confidence cases, we can tune the thresholds/allowlist.\n\n\u2014Andre",
      "link": "https://www.onyx.app/demo_files/gmail/9a632052ccf94240b95a9b71444c27be/2"
    }
  ],
  "primary_owners": [
    {
      "display_name": null,
      "first_name": "Andre",
      "middle_initial": null,
      "last_name": "Robinson",
      "email": "andre_robinson@netherite-extraction.onyx.app"
    },
    {
      "display_name": null,
      "first_name": "Javier",
      "middle_initial": null,
      "last_name": "Morales",
      "email": "javier_morales@netherite-extraction.onyx.app"
    }
  ],
  "secondary_owners": []
}