{
  "id": "1e6234240dc0459baf95f06cddde89da",
  "semantic_identifier": "Ticket 8344304 \u2013 Segment/ICP breakdown in priority explanation",
  "title": null,
  "source": "gmail",
  "doc_updated_at": "2025-05-25",
  "metadata": {},
  "doc_metadata": null,
  "sections": [
    {
      "text": "Hi Isabella,\n\nI got ticket 8344304 assigned to me. I\u2019ll extend the priority scoring output to include a segment/ICP breakdown (inputs, weight, delta, and neutral fallback), expose it via the scoring API, persist it in the score audit trail, and render it in the Issue/Theme priority explanation panel.\n\nRoughly 2\u20133 days of work plus a day for UI wiring/testing, depending on how much refactor is needed around the audit trail schema.\n\n\u2013 Kevin",
      "link": "https://www.onyx.app/demo_files/gmail/1e6234240dc0459baf95f06cddde89da/0"
    },
    {
      "text": "Thanks Kevin. Any schema changes needed for the audit trail persistence, and do we need a backfill for existing scores?",
      "link": "https://www.onyx.app/demo_files/gmail/1e6234240dc0459baf95f06cddde89da/1"
    },
    {
      "text": "Yes\u2014likely a small schema update to store a structured breakdown blob (e.g., JSON) alongside the existing score details. I don\u2019t think we need to backfill historical records; we can start persisting the breakdown on new/rescored items, and the UI can show \u201cnot available\u201d for older audits.\n\n\u2013 Kevin",
      "link": "https://www.onyx.app/demo_files/gmail/1e6234240dc0459baf95f06cddde89da/2"
    }
  ],
  "primary_owners": [
    {
      "display_name": null,
      "first_name": "Kevin",
      "middle_initial": null,
      "last_name": "Sullivan",
      "email": "kevin_sullivan@netherite-extraction.onyx.app"
    },
    {
      "display_name": null,
      "first_name": "Isabella",
      "middle_initial": null,
      "last_name": "Torres",
      "email": "isabella_torres@netherite-extraction.onyx.app"
    }
  ],
  "secondary_owners": []
}