{
  "id": "1c15a23ad9bc416dbde2083b17834d63",
  "semantic_identifier": "Ticket 6596845: Issue prioritization v2 schema + API contract updates",
  "title": null,
  "source": "gmail",
  "doc_updated_at": "2025-07-01",
  "metadata": {},
  "doc_metadata": null,
  "sections": [
    {
      "text": "Hi Isabella,\n\nGot ticket 6596845 assigned to me. I\u2019ll work on the v2 normalized data model and API contract changes to support multi-view scoring (per-dimension scores/weights + aggregated score) while keeping backward compatibility with the current single-score field. No UI/profile/tuning work included.\n\nRough effort: ~3\u20135 days including migration plan and API updates + tests.\n\nThanks,\nJason",
      "link": "https://www.onyx.app/demo_files/gmail/1c15a23ad9bc416dbde2083b17834d63/0"
    },
    {
      "text": "Thanks Jason\u2014sounds good. One question: do you see any migration risk or downtime concerns with keeping the old single-score field in place while introducing the new structures?",
      "link": "https://www.onyx.app/demo_files/gmail/1c15a23ad9bc416dbde2083b17834d63/1"
    },
    {
      "text": "Main risk is dual-write/read consistency during rollout. Plan would be: keep the existing single-score field as the source of truth initially, add new fields nullable, backfill asynchronously, and gate new reads behind a feature flag. No downtime expected; migration can run online with idempotent backfill and monitoring.\n\nJason",
      "link": "https://www.onyx.app/demo_files/gmail/1c15a23ad9bc416dbde2083b17834d63/2"
    }
  ],
  "primary_owners": [
    {
      "display_name": null,
      "first_name": "Jason",
      "middle_initial": null,
      "last_name": "Morris",
      "email": "jason_morris@netherite-extraction.onyx.app"
    },
    {
      "display_name": null,
      "first_name": "Isabella",
      "middle_initial": null,
      "last_name": "Torres",
      "email": "isabella_torres@netherite-extraction.onyx.app"
    }
  ],
  "secondary_owners": []
}