{
  "id": "39625f74a1bc4f2bb869a2ec6823be49",
  "semantic_identifier": "Ticket 3734296: Segment-scoped positioning template fetch + UI display",
  "title": null,
  "source": "gmail",
  "doc_updated_at": "2025-05-02",
  "metadata": {},
  "doc_metadata": null,
  "sections": [
    {
      "text": "Hi Javier,\n\nI got ticket 3734296 assigned to me. It covers wiring the segment detail view to call the new positioning template API for the selected segment and rendering the template sections (value props, differentiators, proof points, objections), including loading/empty/error states and falling back to server defaults when there\u2019s no custom template. No editing in this scope.\n\nEstimate: ~1\u20132 days depending on any UI edge cases.\n\n\u2014Andre",
      "link": "https://www.onyx.app/demo_files/gmail/39625f74a1bc4f2bb869a2ec6823be49/0"
    },
    {
      "text": "Thanks Andre. Any dependencies or risks that could push this past 2 days?",
      "link": "https://www.onyx.app/demo_files/gmail/39625f74a1bc4f2bb869a2ec6823be49/1"
    },
    {
      "text": "Main risk is API response shape/availability (and any missing fields for sections) plus matching our existing segment detail layout. If the endpoint and contract are stable, I don\u2019t expect other dependencies\u2014should stay within 2 days.\n\n\u2014Andre",
      "link": "https://www.onyx.app/demo_files/gmail/39625f74a1bc4f2bb869a2ec6823be49/2"
    }
  ],
  "primary_owners": [
    {
      "display_name": null,
      "first_name": "Andre",
      "middle_initial": null,
      "last_name": "Robinson",
      "email": "andre_robinson@netherite-extraction.onyx.app"
    },
    {
      "display_name": null,
      "first_name": "Javier",
      "middle_initial": null,
      "last_name": "Morales",
      "email": "javier_morales@netherite-extraction.onyx.app"
    }
  ],
  "secondary_owners": []
}