{
  "id": "73d3d191e3b348a2b94a232f5a839b7e",
  "semantic_identifier": "Ticket 4337817: Segment/ICP context in priority scoring pipeline",
  "title": null,
  "source": "gmail",
  "doc_updated_at": "2025-05-05",
  "metadata": {},
  "doc_metadata": null,
  "sections": [
    {
      "text": "Hi Javier,\n\nI got assigned ticket 4337817. I\u2019ll extend the priority scoring data model + ingestion pipeline to attach segment and ICP fit to each issue object (and aggregated theme), sourcing from CRM + Customer Analyzer with fallbacks when data is missing/conflicting, and persisting the fields for downstream scoring/UI.\n\nRough effort: ~3\u20135 days including schema changes, ingestion updates, and backfill/validation.\n\nThanks,\nJiwon",
      "link": "https://www.onyx.app/demo_files/gmail/73d3d191e3b348a2b94a232f5a839b7e/0"
    },
    {
      "text": "Thanks, Jiwon. Any notable risks or dependencies we should flag (e.g., CRM/Analyzer data quality or access)?",
      "link": "https://www.onyx.app/demo_files/gmail/73d3d191e3b348a2b94a232f5a839b7e/1"
    },
    {
      "text": "Main risks are data consistency/coverage between CRM and Customer Analyzer and ensuring we have stable identifiers for joins. I\u2019ll confirm access/SLAs with the data owners and implement deterministic precedence + null/default handling, plus logging/metrics for conflict rates.\n\n-Jiwon",
      "link": "https://www.onyx.app/demo_files/gmail/73d3d191e3b348a2b94a232f5a839b7e/2"
    }
  ],
  "primary_owners": [
    {
      "display_name": null,
      "first_name": "Jiwon",
      "middle_initial": null,
      "last_name": "Kang",
      "email": "jiwon_kang@netherite-extraction.onyx.app"
    },
    {
      "display_name": null,
      "first_name": "Javier",
      "middle_initial": null,
      "last_name": "Morales",
      "email": "javier_morales@netherite-extraction.onyx.app"
    }
  ],
  "secondary_owners": []
}