{
  "id": "01be4e2571e94017974ea757968d5d68",
  "semantic_identifier": "Ticket 5014542: Sales initiation prioritization using Customer Analyzer fit scores",
  "title": null,
  "source": "gmail",
  "doc_updated_at": "2025-04-19",
  "metadata": {},
  "doc_metadata": null,
  "sections": [
    {
      "text": "Hi Isabella,\n\nI got ticket 5014542 assigned to me. It\u2019s to fix sales initiation recommendation ordering by pulling the latest Customer Analyzer fit score per account, applying it in the prioritization logic, and falling back cleanly when a score is missing. I\u2019ll also add a minimal regression test for score present/missing so we don\u2019t drift again.\n\nRough effort: ~1\u20132 days including test coverage.\n\nThanks,\nRyan",
      "link": "https://www.onyx.app/demo_files/gmail/01be4e2571e94017974ea757968d5d68/0"
    },
    {
      "text": "Hi Ryan,\n\nSounds good. Any risk of changing the ranking behavior for accounts without a fit score, or will it preserve the current ordering in that case?\n\n-Isabella",
      "link": "https://www.onyx.app/demo_files/gmail/01be4e2571e94017974ea757968d5d68/1"
    },
    {
      "text": "Hi Isabella,\n\nFor accounts without a fit score we\u2019ll preserve the existing ordering by using the current MVP rule-based priority as the fallback (i.e., only accounts with scores should move relative to each other). I\u2019ll cover this in the regression test.\n\nThanks,\nRyan",
      "link": "https://www.onyx.app/demo_files/gmail/01be4e2571e94017974ea757968d5d68/2"
    }
  ],
  "primary_owners": [
    {
      "display_name": null,
      "first_name": "Ryan",
      "middle_initial": null,
      "last_name": "Murphy",
      "email": "ryan_murphy@netherite-extraction.onyx.app"
    },
    {
      "display_name": null,
      "first_name": "Isabella",
      "middle_initial": null,
      "last_name": "Torres",
      "email": "isabella_torres@netherite-extraction.onyx.app"
    }
  ],
  "secondary_owners": []
}