{
  "id": "b1941269bc03413aa5d476b2aa80085a",
  "semantic_identifier": "Ticket 6501736: Default sales stage templates + guided mapping in setup",
  "title": null,
  "source": "gmail",
  "doc_updated_at": "2025-03-31",
  "metadata": {},
  "doc_metadata": null,
  "sections": [
    {
      "text": "Hi Javier,\n\nGot ticket 6501736 and it\u2019s assigned to me. I\u2019ll implement a setup step that proposes a default Sales Accelerator stage template based on the detected CRM pipeline, then guides users through mapping/merging their CRM stages into the canonical stages. I\u2019ll also add validation to ensure all active CRM stages are mapped and key milestones (commit/closed) are covered.\n\nRough effort: ~4\u20136 days including UI + validation + basic QA.\n\n\u2014Tyler",
      "link": "https://www.onyx.app/demo_files/gmail/b1941269bc03413aa5d476b2aa80085a/0"
    },
    {
      "text": "Thanks Tyler. Any dependencies or cross-team coordination needed (e.g., CRM integration changes or design) that might affect that estimate?",
      "link": "https://www.onyx.app/demo_files/gmail/b1941269bc03413aa5d476b2aa80085a/1"
    },
    {
      "text": "Main dependencies are on the existing CRM pipeline/stage detection output\u2014we should be able to consume what we already have without integration changes. I\u2019ll likely need a quick design review for the mapping/validation UI (1 short sync), but no other cross-team work expected. If we discover missing milestone metadata from the CRM side, that could add ~1\u20132 days.\n\n\u2014Tyler",
      "link": "https://www.onyx.app/demo_files/gmail/b1941269bc03413aa5d476b2aa80085a/2"
    }
  ],
  "primary_owners": [
    {
      "display_name": null,
      "first_name": "Tyler",
      "middle_initial": null,
      "last_name": "Jenkins",
      "email": "tyler_jenkins@netherite-extraction.onyx.app"
    },
    {
      "display_name": null,
      "first_name": "Javier",
      "middle_initial": null,
      "last_name": "Morales",
      "email": "javier_morales@netherite-extraction.onyx.app"
    }
  ],
  "secondary_owners": []
}