{
  "id": "f7dd2dc59df14af2a3b5fdd84d8b9d4c",
  "semantic_identifier": "Ticket 2920379: UI for tag/priority change requests + owner approval",
  "title": null,
  "source": "gmail",
  "doc_updated_at": "2025-07-21",
  "metadata": {},
  "doc_metadata": null,
  "sections": [
    {
      "text": "Hi Isabella,\n\nI\u2019ve been assigned ticket 2920379 (UI: surface tag/priority change requests and enable owner approval/rejection). I\u2019ll add an Issue detail panel to show pending tag/priority change requests (requester, proposed value, source, timestamp) and actions for owners to approve/reject with a rejection reason. Approvals should apply immediately; rejections stay in history.\n\nRough effort: ~2\u20133 days depending on API/state wiring and any design review.\n\nThanks,\nJason",
      "link": "https://www.onyx.app/demo_files/gmail/f7dd2dc59df14af2a3b5fdd84d8b9d4c/0"
    },
    {
      "text": "Thanks, Jason.\n\nDo you see any dependencies or risks that could push this past a few days (API gaps, missing endpoints, etc.)?",
      "link": "https://www.onyx.app/demo_files/gmail/f7dd2dc59df14af2a3b5fdd84d8b9d4c/1"
    },
    {
      "text": "Hi Isabella,\n\nMain dependency is the backend endpoints for listing pending requests and posting approve/reject + reason. If those are already available per GOLD-172, I\u2019m good; if not, we\u2019ll need backend support and it could add 1\u20132 days. Also minor risk if we need new history/audit UI components beyond what we already have.\n\nI\u2019ll confirm API coverage today and flag immediately if anything\u2019s missing.\n\nThanks,\nJason",
      "link": "https://www.onyx.app/demo_files/gmail/f7dd2dc59df14af2a3b5fdd84d8b9d4c/2"
    }
  ],
  "primary_owners": [
    {
      "display_name": null,
      "first_name": "Jason",
      "middle_initial": null,
      "last_name": "Morris",
      "email": "jason_morris@netherite-extraction.onyx.app"
    },
    {
      "display_name": null,
      "first_name": "Isabella",
      "middle_initial": null,
      "last_name": "Torres",
      "email": "isabella_torres@netherite-extraction.onyx.app"
    }
  ],
  "secondary_owners": []
}