{
  "id": "01a45e2c8fa04d0590534dc9c7f9dcc0",
  "semantic_identifier": "Ticket 7314619: Scheduled CRM sync refresh scope + configuration",
  "title": null,
  "source": "gmail",
  "doc_updated_at": "2025-08-22",
  "metadata": {},
  "doc_metadata": null,
  "sections": [
    {
      "text": "Hi Isabella,\n\nI got ticket 7314619 and it\u2019s assigned to me. I\u2019ll define/document the scheduled refresh behavior for our native Salesforce/HubSpot integrations\u2014sync frequency, which objects/fields are in scope (e.g., next step, close plan status), and clear read vs write-back boundaries. I\u2019ll also propose configuration defaults plus environment/workspace-level toggles to enable/disable scheduled sync.\n\nEstimate: ~2\u20133 days to produce an implementation-ready sync contract the downstream dedupe/write-back tickets can rely on.\n\nThanks,\nRyan",
      "link": "https://www.onyx.app/demo_files/gmail/01a45e2c8fa04d0590534dc9c7f9dcc0/0"
    },
    {
      "text": "Thanks Ryan\u2014sounds good. Quick question: do you anticipate any dependencies on PM/CS for workspace-level toggle defaults, or can you define those independently?",
      "link": "https://www.onyx.app/demo_files/gmail/01a45e2c8fa04d0590534dc9c7f9dcc0/1"
    },
    {
      "text": "I can define sensible defaults independently (off by default in lower envs, on in prod with per-workspace overrides), but I\u2019ll want a quick PM/CS check to confirm customer expectations around opt-in vs opt-out for scheduled refresh.\n\nRyan",
      "link": "https://www.onyx.app/demo_files/gmail/01a45e2c8fa04d0590534dc9c7f9dcc0/2"
    }
  ],
  "primary_owners": [
    {
      "display_name": null,
      "first_name": "Ryan",
      "middle_initial": null,
      "last_name": "Murphy",
      "email": "ryan_murphy@netherite-extraction.onyx.app"
    },
    {
      "display_name": null,
      "first_name": "Isabella",
      "middle_initial": null,
      "last_name": "Torres",
      "email": "isabella_torres@netherite-extraction.onyx.app"
    }
  ],
  "secondary_owners": []
}