{
  "id": "3fc7bec78a224e789e404ae465e00dfb",
  "semantic_identifier": "Ticket 6947035: Scheduled refresh job for Salesforce/HubSpot sync",
  "title": null,
  "source": "gmail",
  "doc_updated_at": "2025-06-01",
  "metadata": {},
  "doc_metadata": null,
  "sections": [
    {
      "text": "Hi Javier,\n\nI got ticket 6947035 assigned to me. It\u2019s to add a scheduled refresh job for the Salesforce and HubSpot connectors to periodically re-pull ARR + opportunity records for linkage, with configurable cadence, incremental sync using updated timestamps where available, retry/backoff for rate limits, and persisting last-successful sync state per connector/account.\n\nRough estimate: ~3\u20135 days engineering, assuming no unexpected connector API edge cases.\n\n-Tyler",
      "link": "https://www.onyx.app/demo_files/gmail/3fc7bec78a224e789e404ae465e00dfb/0"
    },
    {
      "text": "Thanks Tyler. What are the main risks or dependencies that could push it beyond 5 days?",
      "link": "https://www.onyx.app/demo_files/gmail/3fc7bec78a224e789e404ae465e00dfb/1"
    },
    {
      "text": "Main risks are (1) inconsistent \u201cupdated_at\u201d semantics across endpoints (may require a fallback full refresh for some objects/accounts), (2) rate limits requiring tighter batching/backoff tuning, and (3) deciding where to persist per-account state (existing connector state store vs new table) and wiring it into the job runner.\n\nNo major external dependencies beyond confirming any existing cadence config conventions.\n\n-Tyler",
      "link": "https://www.onyx.app/demo_files/gmail/3fc7bec78a224e789e404ae465e00dfb/2"
    }
  ],
  "primary_owners": [
    {
      "display_name": null,
      "first_name": "Tyler",
      "middle_initial": null,
      "last_name": "Jenkins",
      "email": "tyler_jenkins@netherite-extraction.onyx.app"
    },
    {
      "display_name": null,
      "first_name": "Javier",
      "middle_initial": null,
      "last_name": "Morales",
      "email": "javier_morales@netherite-extraction.onyx.app"
    }
  ],
  "secondary_owners": []
}