{
  "id": "99567cba72e14a248e176d5b992dcc4a",
  "semantic_identifier": "Ticket 6011423 \u2014 per-connection lock for scheduled sync runs",
  "title": null,
  "source": "gmail",
  "doc_updated_at": "2025-07-18",
  "metadata": {},
  "doc_metadata": null,
  "sections": [
    {
      "text": "Hi Isabella,\n\nI got ticket 6011423 assigned to me. It\u2019s to prevent overlapping scheduled sync runs for the same integration connection by adding a per-connection lock/lease (with TTL), releasing safely on success/failure, and having the scheduler defer/skip with a clear observable reason when a run is already in progress.\n\nRough estimate: ~2\u20133 days including implementation, tests, and logging/metrics updates.\n\nKevin",
      "link": "https://www.onyx.app/demo_files/gmail/99567cba72e14a248e176d5b992dcc4a/0"
    },
    {
      "text": "Thanks Kevin. Sounds good\u2014please keep me posted if the estimate shifts or you find any cross-team dependencies.\n\nIsabella",
      "link": "https://www.onyx.app/demo_files/gmail/99567cba72e14a248e176d5b992dcc4a/1"
    }
  ],
  "primary_owners": [
    {
      "display_name": null,
      "first_name": "Kevin",
      "middle_initial": null,
      "last_name": "Sullivan",
      "email": "kevin_sullivan@netherite-extraction.onyx.app"
    },
    {
      "display_name": null,
      "first_name": "Isabella",
      "middle_initial": null,
      "last_name": "Torres",
      "email": "isabella_torres@netherite-extraction.onyx.app"
    }
  ],
  "secondary_owners": []
}