{
  "id": "855d12ada64343c5a60d363faac48d42",
  "semantic_identifier": "Ticket 9355408: Customer Analyzer backfill + scheduled refresh",
  "title": null,
  "source": "gmail",
  "doc_updated_at": "2025-07-14",
  "metadata": {},
  "doc_metadata": null,
  "sections": [
    {
      "text": "Got ticket 9355408 assigned to me. It\u2019s the backfill job to populate Customer Analyzer segment IDs + fit tiers for existing Issue Tracker accounts referenced by past conversations, plus a scheduled refresh (daily, per-account TTL via last_fetched_at) that\u2019s idempotent and logs basic success/failure metrics. Rough estimate: ~2\u20133 days engineering + a bit of time to validate on staging/backfill safety.",
      "link": "https://www.onyx.app/demo_files/gmail/855d12ada64343c5a60d363faac48d42/0"
    },
    {
      "text": "Thanks. Any concerns about load on Customer Analyzer during the backfill, and how will you cap/rate-limit it?",
      "link": "https://www.onyx.app/demo_files/gmail/855d12ada64343c5a60d363faac48d42/1"
    },
    {
      "text": "Yes\u2014will batch by account, add a per-run cap + request-level rate limiting, and use last_fetched_at to skip recently refreshed accounts. I\u2019ll also make it resumable/idempotent so we can pause/continue without re-hitting accounts unnecessarily.",
      "link": "https://www.onyx.app/demo_files/gmail/855d12ada64343c5a60d363faac48d42/2"
    }
  ],
  "primary_owners": [
    {
      "display_name": null,
      "first_name": "Jiwon",
      "middle_initial": null,
      "last_name": "Kang",
      "email": "jiwon_kang@netherite-extraction.onyx.app"
    },
    {
      "display_name": null,
      "first_name": "Javier",
      "middle_initial": null,
      "last_name": "Morales",
      "email": "javier_morales@netherite-extraction.onyx.app"
    }
  ],
  "secondary_owners": []
}