{
  "id": "083b04405e32474888c92cfcdee8219f",
  "semantic_identifier": "Ticket 5129433 \u2014 Canonical lifecycle mapping layer",
  "title": null,
  "source": "gmail",
  "doc_updated_at": "2025-07-25",
  "metadata": {},
  "doc_metadata": null,
  "sections": [
    {
      "text": "Hi Isabella,\n\nI got ticket 5129433 and it\u2019s assigned to me. I\u2019ll implement the canonical Sales Accelerator lifecycle schema (stages + required fields) and a normalization layer to map each CRM instance\u2019s custom stages/fields into canonical values, with per-instance overrides persisted for analytics. I\u2019ll also add validation to flag unmapped items and block analytics jobs when mappings are incomplete.\n\nRough effort: ~3\u20135 days depending on how many CRM edge cases we hit.\n\nThanks,\nKevin",
      "link": "https://www.onyx.app/demo_files/gmail/083b04405e32474888c92cfcdee8219f/0"
    },
    {
      "text": "Thanks Kevin. Any major dependencies or risks that could push this past a week?",
      "link": "https://www.onyx.app/demo_files/gmail/083b04405e32474888c92cfcdee8219f/1"
    },
    {
      "text": "Main risks are: (1) variability in existing per-instance customizations (especially field type mismatches), and (2) coordination with Analytics for the job-blocking behavior and rollout. No hard external dependencies, but I may need a quick review from Analytics on the failure mode before enabling blocking in prod.\n\nKevin",
      "link": "https://www.onyx.app/demo_files/gmail/083b04405e32474888c92cfcdee8219f/2"
    }
  ],
  "primary_owners": [
    {
      "display_name": null,
      "first_name": "Kevin",
      "middle_initial": null,
      "last_name": "Sullivan",
      "email": "kevin_sullivan@netherite-extraction.onyx.app"
    },
    {
      "display_name": null,
      "first_name": "Isabella",
      "middle_initial": null,
      "last_name": "Torres",
      "email": "isabella_torres@netherite-extraction.onyx.app"
    }
  ],
  "secondary_owners": []
}