{
  "id": "866786d360a04a67a052a3279d2adef2",
  "semantic_identifier": "Ticket 8971736 \u2014 Fit Score explainability: representative example accounts",
  "title": null,
  "source": "gmail",
  "doc_updated_at": "2025-11-30",
  "metadata": {},
  "doc_metadata": null,
  "sections": [
    {
      "text": "Hi Isabella,\n\nI got ticket 8971736 assigned to me. It\u2019s to extend the explainability service payload to include a small set of representative \u201cexample accounts\u201d per segment (high/medium/low fit) with account ID, name, and Fit Score, using deterministic selection criteria (recency + data completeness + score bucket). I\u2019ll keep the response backward-compatible and add unit tests for bucket selection and empty/low-signal segments.\n\nRough effort: ~2\u20133 days including tests.\n\nThanks,\nJason",
      "link": "https://www.onyx.app/demo_files/gmail/866786d360a04a67a052a3279d2adef2/0"
    },
    {
      "text": "Thanks Jason \u2014 sounds good. Please flag if you run into any edge cases around low-signal segments.",
      "link": "https://www.onyx.app/demo_files/gmail/866786d360a04a67a052a3279d2adef2/1"
    }
  ],
  "primary_owners": [
    {
      "display_name": null,
      "first_name": "Jason",
      "middle_initial": null,
      "last_name": "Morris",
      "email": "jason_morris@netherite-extraction.onyx.app"
    },
    {
      "display_name": null,
      "first_name": "Isabella",
      "middle_initial": null,
      "last_name": "Torres",
      "email": "isabella_torres@netherite-extraction.onyx.app"
    }
  ],
  "secondary_owners": []
}