{
  "id": "ef4237ff8cce44ee94951e937e90afad",
  "semantic_identifier": "Ticket 2531285: Positioning change log (versioning + timestamps)",
  "title": null,
  "source": "gmail",
  "doc_updated_at": "2025-12-06",
  "metadata": {},
  "doc_metadata": null,
  "sections": [
    {
      "text": "Got ticket 2531285 assigned to me. I\u2019ll implement an immutable audit log for positioning recommendations (value props, differentiators, proof points, objections), recording who changed what/when and which segment/ICP it applies to. Plan is to store each edit as a new version with a stable version ID + effective timestamp, and add a read-only history endpoint. Rough estimate: 3\u20135 engineering days including schema + API + basic tests.",
      "link": "https://www.onyx.app/demo_files/gmail/ef4237ff8cce44ee94951e937e90afad/0"
    },
    {
      "text": "Sounds good. Any major risks or dependencies that could push this past a week?",
      "link": "https://www.onyx.app/demo_files/gmail/ef4237ff8cce44ee94951e937e90afad/1"
    },
    {
      "text": "Main risk is finalizing the data model (segment/ICP identifiers and how we represent \u201ceffective timestamp\u201d vs \u201ccreated at\u201d) and any backfill expectations. If we can keep scope to new writes only and confirm segment/ICP source-of-truth, it should stay within the week.",
      "link": "https://www.onyx.app/demo_files/gmail/ef4237ff8cce44ee94951e937e90afad/2"
    }
  ],
  "primary_owners": [
    {
      "display_name": null,
      "first_name": "Andre",
      "middle_initial": null,
      "last_name": "Robinson",
      "email": "andre_robinson@netherite-extraction.onyx.app"
    },
    {
      "display_name": null,
      "first_name": "Javier",
      "middle_initial": null,
      "last_name": "Morales",
      "email": "javier_morales@netherite-extraction.onyx.app"
    }
  ],
  "secondary_owners": []
}