{
  "id": "beb5c69e6dfc4c75a7bb685819314782",
  "semantic_identifier": "Ticket 6082904: field-level ownership metadata for tags/priority",
  "title": null,
  "source": "gmail",
  "doc_updated_at": "2025-09-16",
  "metadata": {},
  "doc_metadata": null,
  "sections": [
    {
      "text": "Hi Javier,\n\nI got ticket 6082904 assigned to me. It\u2019s backend work to persist and expose ownership metadata for issue tags and priority changes (current owner team/user, last editor + timestamp, and actor source like UI/API/integration) without changing behavior yet.\n\nRough effort: ~2\u20133 days including schema changes, write-path updates, and API surface.\n\nThanks,\nJiwon",
      "link": "https://www.onyx.app/demo_files/gmail/beb5c69e6dfc4c75a7bb685819314782/0"
    },
    {
      "text": "Thanks Jiwon\u2014sounds good. Do we need a backfill for existing issues, or is this only for new tag/priority updates?",
      "link": "https://www.onyx.app/demo_files/gmail/beb5c69e6dfc4c75a7bb685819314782/1"
    },
    {
      "text": "Only for new tag/priority updates. I\u2019ll leave existing records with null/empty metadata for now and keep the schema/API backward-compatible so we can add a backfill later if product wants it.\n\nJiwon",
      "link": "https://www.onyx.app/demo_files/gmail/beb5c69e6dfc4c75a7bb685819314782/2"
    }
  ],
  "primary_owners": [
    {
      "display_name": null,
      "first_name": "Jiwon",
      "middle_initial": null,
      "last_name": "Kang",
      "email": "jiwon_kang@netherite-extraction.onyx.app"
    },
    {
      "display_name": null,
      "first_name": "Javier",
      "middle_initial": null,
      "last_name": "Morales",
      "email": "javier_morales@netherite-extraction.onyx.app"
    }
  ],
  "secondary_owners": []
}