{
  "id": "115ad1538b80458198567083db5f892e",
  "semantic_identifier": "Ticket 7917901 \u2014 Scheduled CRM refresh job runner (Salesforce/HubSpot)",
  "title": null,
  "source": "gmail",
  "doc_updated_at": "2025-08-03",
  "metadata": {},
  "doc_metadata": null,
  "sections": [
    {
      "text": "Hi Isabella,\n\nI\u2019ve been assigned ticket 7917901. I\u2019ll implement the backend scheduled job runner for the Salesforce/HubSpot read-only refresh cadence (per GOLD-79): pull in-scope objects/fields, upsert into our internal sync tables, and track a per-workspace cursor/last-sync timestamp. I\u2019ll keep it ingestion-only (no dedupe/write-back), with basic retries plus per-run logging/metrics.\n\nRough effort: ~3\u20135 days depending on any API edge cases and the scheduler wiring.\n\nThanks,\nRyan",
      "link": "https://www.onyx.app/demo_files/gmail/115ad1538b80458198567083db5f892e/0"
    },
    {
      "text": "Thanks Ryan \u2014 sounds good. One question: do you plan to gate the rollout (e.g., feature flag / per-workspace enablement), and what metrics will you add so we can detect failures quickly?",
      "link": "https://www.onyx.app/demo_files/gmail/115ad1538b80458198567083db5f892e/1"
    },
    {
      "text": "Yes \u2014 I\u2019ll put it behind a per-workspace enablement flag (default off) so we can ramp gradually.\n\nMetrics: job run success/failure count, duration, retries, records fetched/processed per connector, and \u201clast successful sync timestamp\u201d per workspace; plus structured logs with run/workspace IDs for debugging.\n\nRyan",
      "link": "https://www.onyx.app/demo_files/gmail/115ad1538b80458198567083db5f892e/2"
    }
  ],
  "primary_owners": [
    {
      "display_name": null,
      "first_name": "Ryan",
      "middle_initial": null,
      "last_name": "Murphy",
      "email": "ryan_murphy@netherite-extraction.onyx.app"
    },
    {
      "display_name": null,
      "first_name": "Isabella",
      "middle_initial": null,
      "last_name": "Torres",
      "email": "isabella_torres@netherite-extraction.onyx.app"
    }
  ],
  "secondary_owners": []
}