{
  "id": "f8b63bde28424cc9b589d97a27a2c2c3",
  "semantic_identifier": "Ticket 3715899 \u2014 Customer Analyzer block metadata persistence",
  "title": null,
  "source": "gmail",
  "doc_updated_at": "2025-05-19",
  "metadata": {},
  "doc_metadata": null,
  "sections": [
    {
      "text": "Hi Javier,\n\nI\u2019ve been assigned ticket 3715899 (Persist Customer Analyzer positioning block version metadata). I\u2019ll add fields to store the block identifier/version + last-updated timestamp alongside the rendered block on account/opportunity records, and expose a lightweight service/API method to fetch the latest Customer Analyzer metadata for a given record so the UI can detect stale content.\n\nRough effort: ~2\u20133 days for data model + retrieval plumbing, plus a bit of time for tests/migrations.\n\nThanks,\nJiwon",
      "link": "https://www.onyx.app/demo_files/gmail/f8b63bde28424cc9b589d97a27a2c2c3/0"
    },
    {
      "text": "Thanks Jiwon. Any cross-team dependencies or rollout risks we should flag (e.g., migrations/backfill or UI needing changes before this is useful)?",
      "link": "https://www.onyx.app/demo_files/gmail/f8b63bde28424cc9b589d97a27a2c2c3/1"
    },
    {
      "text": "No major cross-team dependencies. I can ship the data model + read API behind a feature flag; UI can adopt later. Migration risk is low\u2014just additive columns/fields. I don\u2019t think we need a backfill since this is for future staleness checks, but I\u2019ll confirm whether existing stored blocks need initial metadata populated.\n\n-Jiwon",
      "link": "https://www.onyx.app/demo_files/gmail/f8b63bde28424cc9b589d97a27a2c2c3/2"
    }
  ],
  "primary_owners": [
    {
      "display_name": null,
      "first_name": "Jiwon",
      "middle_initial": null,
      "last_name": "Kang",
      "email": "jiwon_kang@netherite-extraction.onyx.app"
    },
    {
      "display_name": null,
      "first_name": "Javier",
      "middle_initial": null,
      "last_name": "Morales",
      "email": "javier_morales@netherite-extraction.onyx.app"
    }
  ],
  "secondary_owners": []
}