{
  "id": "e50687047323401aa31e8f2a33a42ed2",
  "semantic_identifier": "Ticket 3891592: Forecast explainability breakdown",
  "title": null,
  "source": "gmail",
  "doc_updated_at": "2025-05-15",
  "metadata": {},
  "doc_metadata": null,
  "sections": [
    {
      "text": "Hi Javier,\n\nI got ticket 3891592 assigned to me. It covers adding an explainability panel that breaks the forecast into contributing signals (stage, recent activity, fit score, slippage risk, etc.) with per-signal impact and last-updated timestamps, and making it consistent across account/opportunity views using the same inputs as the forecasting model.\n\nRough estimate: ~4\u20136 engineering days (API + UI + validation with model inputs), assuming existing model feature outputs are accessible.\n\nThanks,\nJiwon",
      "link": "https://www.onyx.app/demo_files/gmail/e50687047323401aa31e8f2a33a42ed2/0"
    },
    {
      "text": "Thanks Jiwon.\n\nDo we already have access to the model\u2019s per-signal contributions in a form we can surface, or will we need to add new instrumentation to produce those breakdowns?",
      "link": "https://www.onyx.app/demo_files/gmail/e50687047323401aa31e8f2a33a42ed2/1"
    },
    {
      "text": "We have the underlying feature values today, but not a persisted per-signal contribution breakdown we can directly display. Likely approach is to add a lightweight service endpoint to compute/return the per-signal impacts using the same model inputs (or store them at forecast time if we want exact parity), plus timestamps from the existing feature pipelines.\n\nI\u2019ll confirm with ML this week and adjust the estimate if we need to persist contributions at scoring time.\n\nThanks,\nJiwon",
      "link": "https://www.onyx.app/demo_files/gmail/e50687047323401aa31e8f2a33a42ed2/2"
    }
  ],
  "primary_owners": [
    {
      "display_name": null,
      "first_name": "Jiwon",
      "middle_initial": null,
      "last_name": "Kang",
      "email": "jiwon_kang@netherite-extraction.onyx.app"
    },
    {
      "display_name": null,
      "first_name": "Javier",
      "middle_initial": null,
      "last_name": "Morales",
      "email": "javier_morales@netherite-extraction.onyx.app"
    }
  ],
  "secondary_owners": []
}