{
  "id": "7df2db9df23f44febfbd68ad7568bf62",
  "semantic_identifier": "Ticket 4314625: Customer Analyzer sync job (ingestion + persistence)",
  "title": null,
  "source": "gmail",
  "doc_updated_at": "2025-06-26",
  "metadata": {},
  "doc_metadata": null,
  "sections": [
    {
      "text": "Hi Javier,\n\nI got ticket 4314625 assigned to me. It\u2019s the backend sync job to pull account-level fit score, segment, and approved positioning blocks from Customer Analyzer into Sales Accelerator, then persist into a dedicated integration table keyed by CRM account/opportunity IDs with source timestamps/version for change detection. Includes basic retry/backoff and logging for failures (no UI).\n\nRough effort: ~3\u20135 engineering days depending on API quirks and schema alignment.\n\nThanks,\nJiwon",
      "link": "https://www.onyx.app/demo_files/gmail/7df2db9df23f44febfbd68ad7568bf62/0"
    },
    {
      "text": "Thanks Jiwon.\n\nWhat\u2019s your expected timeline to get this into production, and are there any major risks/unknowns you see right now?",
      "link": "https://www.onyx.app/demo_files/gmail/7df2db9df23f44febfbd68ad7568bf62/1"
    },
    {
      "text": "If the Customer Analyzer endpoint and auth are already stable, I can have a PR up in ~3 days, then another 1\u20132 days for testing/observability and a staged deploy, so production within ~1 week.\n\nMain unknowns: how \u201capproved positioning blocks\u201d are flagged in the source payload, rate limits/timeouts that affect backoff settings, and ensuring we have reliable CRM account/opportunity ID mappings for the integration table.\n\n-Jiwon",
      "link": "https://www.onyx.app/demo_files/gmail/7df2db9df23f44febfbd68ad7568bf62/2"
    }
  ],
  "primary_owners": [
    {
      "display_name": null,
      "first_name": "Jiwon",
      "middle_initial": null,
      "last_name": "Kang",
      "email": "jiwon_kang@netherite-extraction.onyx.app"
    },
    {
      "display_name": null,
      "first_name": "Javier",
      "middle_initial": null,
      "last_name": "Morales",
      "email": "javier_morales@netherite-extraction.onyx.app"
    }
  ],
  "secondary_owners": []
}