{
  "id": "6830ed29f9c54ac8ab7ce950f1df68b7",
  "semantic_identifier": "Ticket 8481419 \u2014 Experiment outcome tracking normalization",
  "title": null,
  "source": "gmail",
  "doc_updated_at": "2026-01-19",
  "metadata": {},
  "doc_metadata": null,
  "sections": [
    {
      "text": "Hi Javier,\n\nI\u2019ve been assigned ticket 8481419 (Fix experiment outcome tracking: normalize stage definitions and event mapping). I\u2019ll add a single normalization layer to map CRM/product-specific stages/events into canonical funnel stages and ensure it\u2019s applied consistently in both ingestion and query paths so metrics stabilize across sources.\n\nRough effort: ~2\u20133 days including validation/backfill checks.\n\n\u2014 Tyler",
      "link": "https://www.onyx.app/demo_files/gmail/6830ed29f9c54ac8ab7ce950f1df68b7/0"
    },
    {
      "text": "Thanks, Tyler. Before you start\u2014any notable risk of changing historical metrics, and do we need a backfill plan?",
      "link": "https://www.onyx.app/demo_files/gmail/6830ed29f9c54ac8ab7ce950f1df68b7/1"
    },
    {
      "text": "There\u2019s a risk historical win rate/velocity/conversion numbers will shift once the mapping is applied consistently (they should become more accurate/stable). I\u2019ll implement it behind a feature flag and run side-by-side comparisons on a sample set; if deltas are expected, we can schedule a controlled backfill (likely 1\u20132 days depending on volume) after validation.\n\n\u2014 Tyler",
      "link": "https://www.onyx.app/demo_files/gmail/6830ed29f9c54ac8ab7ce950f1df68b7/2"
    }
  ],
  "primary_owners": [
    {
      "display_name": null,
      "first_name": "Tyler",
      "middle_initial": null,
      "last_name": "Jenkins",
      "email": "tyler_jenkins@netherite-extraction.onyx.app"
    },
    {
      "display_name": null,
      "first_name": "Javier",
      "middle_initial": null,
      "last_name": "Morales",
      "email": "javier_morales@netherite-extraction.onyx.app"
    }
  ],
  "secondary_owners": []
}