{
  "id": "5629ae331bc041e5a4ff7bbc6fcbbe4b",
  "semantic_identifier": "Ticket 5598079: automatic split suggestions for overly broad clusters",
  "title": null,
  "source": "gmail",
  "doc_updated_at": "2025-12-19",
  "metadata": {},
  "doc_metadata": null,
  "sections": [
    {
      "text": "Hi Isabella,\n\nI got assigned ticket 5598079 (issue_clustering v2). It\u2019s a post-clustering job to flag \u201ctoo broad\u201d clusters using cohesion/dispersion metrics and generate/persist candidate sub-cluster split suggestions (with metrics + representative examples), then expose them via an internal API for the triage UI.\n\nRoughly ~4\u20136 engineering days depending on how much existing clustering code we can reuse and what data model/API shape triage needs.\n\n- Ryan",
      "link": "https://www.onyx.app/demo_files/gmail/5629ae331bc041e5a4ff7bbc6fcbbe4b/0"
    },
    {
      "text": "Thanks Ryan. Any key dependencies or data you need from PM/triage to avoid rework on the persisted schema/API?",
      "link": "https://www.onyx.app/demo_files/gmail/5629ae331bc041e5a4ff7bbc6fcbbe4b/1"
    },
    {
      "text": "Biggest dependency is agreeing on the contract for what triage needs to display: which metrics (e.g., similarity score, entropy, size), how many candidate splits to store per cluster, and how many representative examples per proposed child cluster. If PM/triage can confirm those fields and limits, I can lock the schema and the API response early.\n\n- Ryan",
      "link": "https://www.onyx.app/demo_files/gmail/5629ae331bc041e5a4ff7bbc6fcbbe4b/2"
    }
  ],
  "primary_owners": [
    {
      "display_name": null,
      "first_name": "Ryan",
      "middle_initial": null,
      "last_name": "Murphy",
      "email": "ryan_murphy@netherite-extraction.onyx.app"
    },
    {
      "display_name": null,
      "first_name": "Isabella",
      "middle_initial": null,
      "last_name": "Torres",
      "email": "isabella_torres@netherite-extraction.onyx.app"
    }
  ],
  "secondary_owners": []
}