{
  "id": "c0c11ef40b4c456cad45f49c691a757b",
  "semantic_identifier": "Ticket 3485513: Fit tier + segment weighting in issue prioritization",
  "title": null,
  "source": "gmail",
  "doc_updated_at": "2025-06-21",
  "metadata": {},
  "doc_metadata": null,
  "sections": [
    {
      "text": "Hi Isabella,\n\nI\u2019ve been assigned ticket 3485513. I\u2019ll update the Issue Tracker prioritization pipeline to apply config-driven multipliers based on Customer Analyzer fit_tier and segment_id for impacted accounts, with graceful fallback to current scoring when metadata is mixed/missing, and persist the weighted components in the score breakdown for audit/debug.\n\nInitial estimate is ~2\u20133 days engineering time plus some validation/backfill checks.\n\n\u2013 Jason",
      "link": "https://www.onyx.app/demo_files/gmail/c0c11ef40b4c456cad45f49c691a757b/0"
    },
    {
      "text": "Thanks, Jason. Any major dependencies or risks you see that could push this past 3 days?",
      "link": "https://www.onyx.app/demo_files/gmail/c0c11ef40b4c456cad45f49c691a757b/1"
    },
    {
      "text": "Main dependency is getting consistent access to fit_tier/segment_id for impacted accounts in the prioritization job (and confirming the exact fields/values Customer Analyzer emits). Biggest risk is edge cases with partial/multiple account metadata on an issue; I\u2019ll implement deterministic rules + fallback and add tests to keep it contained.\n\n\u2013 Jason",
      "link": "https://www.onyx.app/demo_files/gmail/c0c11ef40b4c456cad45f49c691a757b/2"
    }
  ],
  "primary_owners": [
    {
      "display_name": null,
      "first_name": "Jason",
      "middle_initial": null,
      "last_name": "Morris",
      "email": "jason_morris@netherite-extraction.onyx.app"
    },
    {
      "display_name": null,
      "first_name": "Isabella",
      "middle_initial": null,
      "last_name": "Torres",
      "email": "isabella_torres@netherite-extraction.onyx.app"
    }
  ],
  "secondary_owners": []
}